country,country.code,year,health.worker
"Korea, Dem. People's Rep.",PRK,1990,19.935
"Korea, Dem. People's Rep.",PRK,1991,19.899
"Korea, Dem. People's Rep.",PRK,1992,19.815
"Korea, Dem. People's Rep.",PRK,1993,19.704
"Korea, Dem. People's Rep.",PRK,1994,19.565
"Korea, Dem. People's Rep.",PRK,1995,19.429
"Korea, Dem. People's Rep.",PRK,1996,19.276
"Korea, Dem. People's Rep.",PRK,1997,19.053
"Korea, Dem. People's Rep.",PRK,1998,18.883
"Korea, Dem. People's Rep.",PRK,1999,18.81
"Korea, Dem. People's Rep.",PRK,2000,18.865
"Korea, Dem. People's Rep.",PRK,2001,19.029
"Korea, Dem. People's Rep.",PRK,2002,19.32
"Korea, Dem. People's Rep.",PRK,2003,19.706
"Korea, Dem. People's Rep.",PRK,2004,20.169
"Korea, Dem. People's Rep.",PRK,2005,20.721
"Korea, Dem. People's Rep.",PRK,2006,21.285
"Korea, Dem. People's Rep.",PRK,2007,21.821
"Korea, Dem. People's Rep.",PRK,2008,22.422
"Korea, Dem. People's Rep.",PRK,2009,23.032
"Korea, Dem. People's Rep.",PRK,2010,23.739
"Korea, Dem. People's Rep.",PRK,2011,24.373
"Korea, Dem. People's Rep.",PRK,2012,25.09
"Korea, Dem. People's Rep.",PRK,2013,25.834
"Korea, Dem. People's Rep.",PRK,2014,26.611
"Korea, Dem. People's Rep.",PRK,2015,27.3
"Korea, Dem. People's Rep.",PRK,2016,27.9
"Korea, Dem. People's Rep.",PRK,2017,28.548
"Korea, Dem. People's Rep.",PRK,2018,29.359
"Korea, Dem. People's Rep.",PRK,2019,30.154
Cambodia,KHM,1990,21.422
Cambodia,KHM,1991,21.588
Cambodia,KHM,1992,21.793
Cambodia,KHM,1993,22.015
Cambodia,KHM,1994,22.179
Cambodia,KHM,1995,22.46
Cambodia,KHM,1996,22.679
Cambodia,KHM,1997,23.082
Cambodia,KHM,1998,23.031
Cambodia,KHM,1999,23.5
Cambodia,KHM,2000,24.33
Cambodia,KHM,2001,25.787
Cambodia,KHM,2002,27.113
Cambodia,KHM,2003,30.223
Cambodia,KHM,2004,32.154
Cambodia,KHM,2005,34.391
Cambodia,KHM,2006,35.805
Cambodia,KHM,2007,38.069
Cambodia,KHM,2008,41.129
Cambodia,KHM,2009,44.678
Cambodia,KHM,2010,48.484
Cambodia,KHM,2011,51.903
Cambodia,KHM,2012,53.763
Cambodia,KHM,2013,56.123
Cambodia,KHM,2014,57.278
Cambodia,KHM,2015,58.232
Cambodia,KHM,2016,59.747
Cambodia,KHM,2017,61.463
Cambodia,KHM,2018,62.888
Cambodia,KHM,2019,64.234
Indonesia,IDN,1990,31.447
Indonesia,IDN,1991,32.508
Indonesia,IDN,1992,33.568
Indonesia,IDN,1993,34.431
Indonesia,IDN,1994,35.342
Indonesia,IDN,1995,36.331
Indonesia,IDN,1996,37.393
Indonesia,IDN,1997,37.954
Indonesia,IDN,1998,38.531
Indonesia,IDN,1999,38.81
Indonesia,IDN,2000,39.045
Indonesia,IDN,2001,39.253
Indonesia,IDN,2002,39.857
Indonesia,IDN,2003,40.973
Indonesia,IDN,2004,42.403
Indonesia,IDN,2005,44.744
Indonesia,IDN,2006,47.156
Indonesia,IDN,2007,49.635
Indonesia,IDN,2008,51.857
Indonesia,IDN,2009,55.058
Indonesia,IDN,2010,59.668
Indonesia,IDN,2011,63.283
Indonesia,IDN,2012,66.162
Indonesia,IDN,2013,68.976
Indonesia,IDN,2014,71.82
Indonesia,IDN,2015,74.383
Indonesia,IDN,2016,77.409
Indonesia,IDN,2017,80.623
Indonesia,IDN,2018,83.347
Indonesia,IDN,2019,86.044
Lao PDR,LAO,1990,18.81
Lao PDR,LAO,1991,19.028
Lao PDR,LAO,1992,19.245
Lao PDR,LAO,1993,19.476
Lao PDR,LAO,1994,19.718
Lao PDR,LAO,1995,19.976
Lao PDR,LAO,1996,20.576
Lao PDR,LAO,1997,21.399
Lao PDR,LAO,1998,22.459
Lao PDR,LAO,1999,23.305
Lao PDR,LAO,2000,24.577
Lao PDR,LAO,2001,24.757
Lao PDR,LAO,2002,25.608
Lao PDR,LAO,2003,27.998
Lao PDR,LAO,2004,28.367
Lao PDR,LAO,2005,29.932
Lao PDR,LAO,2006,30.392
Lao PDR,LAO,2007,31.788
Lao PDR,LAO,2008,34.026
Lao PDR,LAO,2009,36.768
Lao PDR,LAO,2010,37.349
Lao PDR,LAO,2011,36.97
Lao PDR,LAO,2012,38.205
Lao PDR,LAO,2013,41.011
Lao PDR,LAO,2014,43.132
Lao PDR,LAO,2015,45.646
Lao PDR,LAO,2016,46.953
Lao PDR,LAO,2017,48.519
Lao PDR,LAO,2018,50.129
Lao PDR,LAO,2019,51.654
Myanmar,MMR,1990,9.606
Myanmar,MMR,1991,9.816
Myanmar,MMR,1992,10.06
Myanmar,MMR,1993,10.39
Myanmar,MMR,1994,10.722
Myanmar,MMR,1995,11.144
Myanmar,MMR,1996,11.636
Myanmar,MMR,1997,12.05
Myanmar,MMR,1998,12.711
Myanmar,MMR,1999,13.796
Myanmar,MMR,2000,15.142
Myanmar,MMR,2001,16.512
Myanmar,MMR,2002,18.265
Myanmar,MMR,2003,20.099
Myanmar,MMR,2004,21.603
Myanmar,MMR,2005,23.504
Myanmar,MMR,2006,24.443
Myanmar,MMR,2007,26.457
Myanmar,MMR,2008,28.351
Myanmar,MMR,2009,29.901
Myanmar,MMR,2010,31.302
Myanmar,MMR,2011,32.353
Myanmar,MMR,2012,35.178
Myanmar,MMR,2013,39.938
Myanmar,MMR,2014,49.032
Myanmar,MMR,2015,52.174
Myanmar,MMR,2016,54.293
Myanmar,MMR,2017,55.707
Myanmar,MMR,2018,57.052
Myanmar,MMR,2019,58.405
Philippines,PHL,1990,44.115
Philippines,PHL,1991,45.37
Philippines,PHL,1992,46.554
Philippines,PHL,1993,47.764
Philippines,PHL,1994,48.843
Philippines,PHL,1995,49.959
Philippines,PHL,1996,50.876
Philippines,PHL,1997,51.333
Philippines,PHL,1998,50.936
Philippines,PHL,1999,50.415
Philippines,PHL,2000,49.583
Philippines,PHL,2001,48.526
Philippines,PHL,2002,47.411
Philippines,PHL,2003,47.659
Philippines,PHL,2004,47.978
Philippines,PHL,2005,49.143
Philippines,PHL,2006,49.556
Philippines,PHL,2007,49.727
Philippines,PHL,2008,50.271
Philippines,PHL,2009,50.819
Philippines,PHL,2010,51.683
Philippines,PHL,2011,52.72
Philippines,PHL,2012,54.029
Philippines,PHL,2013,55.77
Philippines,PHL,2014,56.754
Philippines,PHL,2015,58.754
Philippines,PHL,2016,60.472
Philippines,PHL,2017,62.427
Philippines,PHL,2018,64.012
Philippines,PHL,2019,65.518
Sri Lanka,LKA,1990,27.803
Sri Lanka,LKA,1991,28.643
Sri Lanka,LKA,1992,29.72
Sri Lanka,LKA,1993,30.763
Sri Lanka,LKA,1994,31.852
Sri Lanka,LKA,1995,33.052
Sri Lanka,LKA,1996,34.704
Sri Lanka,LKA,1997,36.662
Sri Lanka,LKA,1998,38.389
Sri Lanka,LKA,1999,39.411
Sri Lanka,LKA,2000,40.558
Sri Lanka,LKA,2001,41.112
Sri Lanka,LKA,2002,42.216
Sri Lanka,LKA,2003,43.54
Sri Lanka,LKA,2004,44.878
Sri Lanka,LKA,2005,46.252
Sri Lanka,LKA,2006,47.877
Sri Lanka,LKA,2007,49.395
Sri Lanka,LKA,2008,51.192
Sri Lanka,LKA,2009,52.92
Sri Lanka,LKA,2010,54.395
Sri Lanka,LKA,2011,56.264
Sri Lanka,LKA,2012,58.308
Sri Lanka,LKA,2013,61.285
Sri Lanka,LKA,2014,64.334
Sri Lanka,LKA,2015,67.173
Sri Lanka,LKA,2016,69.212
Sri Lanka,LKA,2017,71.319
Sri Lanka,LKA,2018,73.206
Sri Lanka,LKA,2019,75.008
Timor-Leste,TLS,1990,10.236
Timor-Leste,TLS,1991,10.188
Timor-Leste,TLS,1992,10.185
Timor-Leste,TLS,1993,10.178
Timor-Leste,TLS,1994,10.22
Timor-Leste,TLS,1995,10.214
Timor-Leste,TLS,1996,9.991
Timor-Leste,TLS,1997,10.474
Timor-Leste,TLS,1998,10.471
Timor-Leste,TLS,1999,10.254
Timor-Leste,TLS,2000,10.259
Timor-Leste,TLS,2001,11.029
Timor-Leste,TLS,2002,13.717
Timor-Leste,TLS,2003,10.996
Timor-Leste,TLS,2004,12.683
Timor-Leste,TLS,2005,13.273
Timor-Leste,TLS,2006,13.699
Timor-Leste,TLS,2007,15.671
Timor-Leste,TLS,2008,15.121
Timor-Leste,TLS,2009,16.644
Timor-Leste,TLS,2010,17.248
Timor-Leste,TLS,2011,17.244
Timor-Leste,TLS,2012,18.917
Timor-Leste,TLS,2013,19.528
Timor-Leste,TLS,2014,20.201
Timor-Leste,TLS,2015,22.479
Timor-Leste,TLS,2016,24.21
Timor-Leste,TLS,2017,25.767
Timor-Leste,TLS,2018,26.32
Timor-Leste,TLS,2019,26.978
Vietnam,VNM,1990,21.524
Vietnam,VNM,1991,21.996
Vietnam,VNM,1992,22.51
Vietnam,VNM,1993,23.053
Vietnam,VNM,1994,23.699
Vietnam,VNM,1995,24.499
Vietnam,VNM,1996,25.578
Vietnam,VNM,1997,27.015
Vietnam,VNM,1998,27.924
Vietnam,VNM,1999,29.068
Vietnam,VNM,2000,30.757
Vietnam,VNM,2001,32.212
Vietnam,VNM,2002,33.648
Vietnam,VNM,2003,35.716
Vietnam,VNM,2004,38.704
Vietnam,VNM,2005,41.779
Vietnam,VNM,2006,44.82
Vietnam,VNM,2007,47.387
Vietnam,VNM,2008,49.611
Vietnam,VNM,2009,52.297
Vietnam,VNM,2010,56.883
Vietnam,VNM,2011,60.034
Vietnam,VNM,2012,64.672
Vietnam,VNM,2013,67.751
Vietnam,VNM,2014,68.062
Vietnam,VNM,2015,70.197
Vietnam,VNM,2016,72.739
Vietnam,VNM,2017,75.294
Vietnam,VNM,2018,77.381
Vietnam,VNM,2019,79.355
Kiribati,KIR,1990,19.491
Kiribati,KIR,1991,20.757
Kiribati,KIR,1992,20.149
Kiribati,KIR,1993,21.465
Kiribati,KIR,1994,21.873
Kiribati,KIR,1995,20.682
Kiribati,KIR,1996,20.97
Kiribati,KIR,1997,20.983
Kiribati,KIR,1998,21.004
Kiribati,KIR,1999,21.592
Kiribati,KIR,2000,23.804
Kiribati,KIR,2001,22.772
Kiribati,KIR,2002,24.316
Kiribati,KIR,2003,26.138
Kiribati,KIR,2004,29.438
Kiribati,KIR,2005,29.741
Kiribati,KIR,2006,31.923
Kiribati,KIR,2007,34.975
Kiribati,KIR,2008,38.845
Kiribati,KIR,2009,38.959
Kiribati,KIR,2010,39.707
Kiribati,KIR,2011,40.375
Kiribati,KIR,2012,42.339
Kiribati,KIR,2013,45.022
Kiribati,KIR,2014,42.148
Kiribati,KIR,2015,45.733
Kiribati,KIR,2016,45.599
Kiribati,KIR,2017,49.334
Kiribati,KIR,2018,50.767
Kiribati,KIR,2019,52.448
"Micronesia, Fed. Sts.",FSM,1990,25.118
"Micronesia, Fed. Sts.",FSM,1991,25.417
"Micronesia, Fed. Sts.",FSM,1992,25.753
"Micronesia, Fed. Sts.",FSM,1993,26.096
"Micronesia, Fed. Sts.",FSM,1994,26.447
"Micronesia, Fed. Sts.",FSM,1995,25.814
"Micronesia, Fed. Sts.",FSM,1996,26.19
"Micronesia, Fed. Sts.",FSM,1997,26.905
"Micronesia, Fed. Sts.",FSM,1998,26.883
"Micronesia, Fed. Sts.",FSM,1999,35.206
"Micronesia, Fed. Sts.",FSM,2000,27.597
"Micronesia, Fed. Sts.",FSM,2001,28.387
"Micronesia, Fed. Sts.",FSM,2002,29.213
"Micronesia, Fed. Sts.",FSM,2003,35.568
"Micronesia, Fed. Sts.",FSM,2004,47.721
"Micronesia, Fed. Sts.",FSM,2005,51.365
"Micronesia, Fed. Sts.",FSM,2006,51.111
"Micronesia, Fed. Sts.",FSM,2007,51.975
"Micronesia, Fed. Sts.",FSM,2008,53.794
"Micronesia, Fed. Sts.",FSM,2009,57.471
"Micronesia, Fed. Sts.",FSM,2010,39.475
"Micronesia, Fed. Sts.",FSM,2011,41.518
"Micronesia, Fed. Sts.",FSM,2012,61.1
"Micronesia, Fed. Sts.",FSM,2013,42.354
"Micronesia, Fed. Sts.",FSM,2014,66.815
"Micronesia, Fed. Sts.",FSM,2015,54.401
"Micronesia, Fed. Sts.",FSM,2016,46.247
"Micronesia, Fed. Sts.",FSM,2017,49.348
"Micronesia, Fed. Sts.",FSM,2018,50.538
"Micronesia, Fed. Sts.",FSM,2019,51.694
Papua New Guinea,PNG,1990,15.86
Papua New Guinea,PNG,1991,15.942
Papua New Guinea,PNG,1992,15.93
Papua New Guinea,PNG,1993,15.934
Papua New Guinea,PNG,1994,16.124
Papua New Guinea,PNG,1995,16.201
Papua New Guinea,PNG,1996,17.083
Papua New Guinea,PNG,1997,16.493
Papua New Guinea,PNG,1998,17.401
Papua New Guinea,PNG,1999,18.37
Papua New Guinea,PNG,2000,18.518
Papua New Guinea,PNG,2001,17.491
Papua New Guinea,PNG,2002,17.989
Papua New Guinea,PNG,2003,17.784
Papua New Guinea,PNG,2004,17.927
Papua New Guinea,PNG,2005,18.086
Papua New Guinea,PNG,2006,18.266
Papua New Guinea,PNG,2007,18.558
Papua New Guinea,PNG,2008,18.541
Papua New Guinea,PNG,2009,18.815
Papua New Guinea,PNG,2010,19.629
Papua New Guinea,PNG,2011,20.298
Papua New Guinea,PNG,2012,21.083
Papua New Guinea,PNG,2013,21.988
Papua New Guinea,PNG,2014,22.415
Papua New Guinea,PNG,2015,22.887
Papua New Guinea,PNG,2016,22.875
Papua New Guinea,PNG,2017,23.487
Papua New Guinea,PNG,2018,23.87
Papua New Guinea,PNG,2019,24.242
Samoa,WSM,1990,23.807
Samoa,WSM,1991,24.18
Samoa,WSM,1992,24.609
Samoa,WSM,1993,24.683
Samoa,WSM,1994,24.773
Samoa,WSM,1995,25.846
Samoa,WSM,1996,26.484
Samoa,WSM,1997,27.321
Samoa,WSM,1998,28.155
Samoa,WSM,1999,28.136
Samoa,WSM,2000,29.91
Samoa,WSM,2001,29.282
Samoa,WSM,2002,29.747
Samoa,WSM,2003,30.691
Samoa,WSM,2004,31.347
Samoa,WSM,2005,31.875
Samoa,WSM,2006,33.216
Samoa,WSM,2007,31.203
Samoa,WSM,2008,31.519
Samoa,WSM,2009,30.958
Samoa,WSM,2010,31.524
Samoa,WSM,2011,29.845
Samoa,WSM,2012,31.565
Samoa,WSM,2013,31.933
Samoa,WSM,2014,29.846
Samoa,WSM,2015,32.313
Samoa,WSM,2016,33.396
Samoa,WSM,2017,34.472
Samoa,WSM,2018,35.378
Samoa,WSM,2019,36.297
Solomon Islands,SLB,1990,11.463
Solomon Islands,SLB,1991,11.162
Solomon Islands,SLB,1992,11.318
Solomon Islands,SLB,1993,11.417
Solomon Islands,SLB,1994,11.497
Solomon Islands,SLB,1995,11.751
Solomon Islands,SLB,1996,11.875
Solomon Islands,SLB,1997,12.109
Solomon Islands,SLB,1998,12.101
Solomon Islands,SLB,1999,12.559
Solomon Islands,SLB,2000,13.854
Solomon Islands,SLB,2001,15.729
Solomon Islands,SLB,2002,17.82
Solomon Islands,SLB,2003,20.285
Solomon Islands,SLB,2004,22.73
Solomon Islands,SLB,2005,24.658
Solomon Islands,SLB,2006,26.151
Solomon Islands,SLB,2007,27.951
Solomon Islands,SLB,2008,30.202
Solomon Islands,SLB,2009,31.267
Solomon Islands,SLB,2010,33.029
Solomon Islands,SLB,2011,35.822
Solomon Islands,SLB,2012,35.597
Solomon Islands,SLB,2013,39.252
Solomon Islands,SLB,2014,36.365
Solomon Islands,SLB,2015,38.955
Solomon Islands,SLB,2016,38.901
Solomon Islands,SLB,2017,40.144
Solomon Islands,SLB,2018,41.093
Solomon Islands,SLB,2019,42.028
Vanuatu,VUT,1990,17.708
Vanuatu,VUT,1991,17.842
Vanuatu,VUT,1992,17.987
Vanuatu,VUT,1993,18.228
Vanuatu,VUT,1994,18.424
Vanuatu,VUT,1995,18.518
Vanuatu,VUT,1996,18.538
Vanuatu,VUT,1997,19.47
Vanuatu,VUT,1998,23.152
Vanuatu,VUT,1999,21.328
Vanuatu,VUT,2000,21.121
Vanuatu,VUT,2001,22.295
Vanuatu,VUT,2002,21.327
Vanuatu,VUT,2003,24.614
Vanuatu,VUT,2004,25.345
Vanuatu,VUT,2005,25.188
Vanuatu,VUT,2006,24.909
Vanuatu,VUT,2007,23.734
Vanuatu,VUT,2008,24.897
Vanuatu,VUT,2009,29.449
Vanuatu,VUT,2010,27.997
Vanuatu,VUT,2011,28.359
Vanuatu,VUT,2012,31.326
Vanuatu,VUT,2013,35.975
Vanuatu,VUT,2014,33.927
Vanuatu,VUT,2015,33.789
Vanuatu,VUT,2016,34.602
Vanuatu,VUT,2017,35.098
Vanuatu,VUT,2018,35.704
Vanuatu,VUT,2019,36.32
Kyrgyz Republic,KGZ,1990,54.368
Kyrgyz Republic,KGZ,1991,55.544
Kyrgyz Republic,KGZ,1992,56.621
Kyrgyz Republic,KGZ,1993,57.618
Kyrgyz Republic,KGZ,1994,58.408
Kyrgyz Republic,KGZ,1995,58.89
Kyrgyz Republic,KGZ,1996,59.46
Kyrgyz Republic,KGZ,1997,59.221
Kyrgyz Republic,KGZ,1998,60.234
Kyrgyz Republic,KGZ,1999,58.507
Kyrgyz Republic,KGZ,2000,59.183
Kyrgyz Republic,KGZ,2001,58.293
Kyrgyz Republic,KGZ,2002,61.112
Kyrgyz Republic,KGZ,2003,66.272
Kyrgyz Republic,KGZ,2004,68.532
Kyrgyz Republic,KGZ,2005,73.577
Kyrgyz Republic,KGZ,2006,76.058
Kyrgyz Republic,KGZ,2007,76.546
Kyrgyz Republic,KGZ,2008,78.43
Kyrgyz Republic,KGZ,2009,78.749
Kyrgyz Republic,KGZ,2010,79.901
Kyrgyz Republic,KGZ,2011,83.127
Kyrgyz Republic,KGZ,2012,84.63
Kyrgyz Republic,KGZ,2013,86.641
Kyrgyz Republic,KGZ,2014,87.994
Kyrgyz Republic,KGZ,2015,87.518
Kyrgyz Republic,KGZ,2016,87.896
Kyrgyz Republic,KGZ,2017,88.637
Kyrgyz Republic,KGZ,2018,89.642
Kyrgyz Republic,KGZ,2019,90.581
Mongolia,MNG,1990,53.563
Mongolia,MNG,1991,55.815
Mongolia,MNG,1992,58.891
Mongolia,MNG,1993,60.497
Mongolia,MNG,1994,63.069
Mongolia,MNG,1995,66.047
Mongolia,MNG,1996,68.968
Mongolia,MNG,1997,71.864
Mongolia,MNG,1998,76.583
Mongolia,MNG,1999,81.798
Mongolia,MNG,2000,86.839
Mongolia,MNG,2001,93.143
Mongolia,MNG,2002,91.162
Mongolia,MNG,2003,93.027
Mongolia,MNG,2004,96.039
Mongolia,MNG,2005,100.71
Mongolia,MNG,2006,101.841
Mongolia,MNG,2007,106.324
Mongolia,MNG,2008,108.943
Mongolia,MNG,2009,109.753
Mongolia,MNG,2010,112.211
Mongolia,MNG,2011,113.519
Mongolia,MNG,2012,115.62
Mongolia,MNG,2013,120.018
Mongolia,MNG,2014,120.131
Mongolia,MNG,2015,122.689
Mongolia,MNG,2016,123.15
Mongolia,MNG,2017,125.386
Mongolia,MNG,2018,126.533
Mongolia,MNG,2019,127.941
Tajikistan,TJK,1990,36.683
Tajikistan,TJK,1991,37.37
Tajikistan,TJK,1992,37.026
Tajikistan,TJK,1993,37.278
Tajikistan,TJK,1994,37.25
Tajikistan,TJK,1995,37.204
Tajikistan,TJK,1996,36.176
Tajikistan,TJK,1997,37.412
Tajikistan,TJK,1998,37.846
Tajikistan,TJK,1999,38.572
Tajikistan,TJK,2000,40.604
Tajikistan,TJK,2001,42.008
Tajikistan,TJK,2002,44.053
Tajikistan,TJK,2003,46.929
Tajikistan,TJK,2004,50.562
Tajikistan,TJK,2005,51.306
Tajikistan,TJK,2006,53.483
Tajikistan,TJK,2007,56.056
Tajikistan,TJK,2008,59.871
Tajikistan,TJK,2009,63.507
Tajikistan,TJK,2010,66.038
Tajikistan,TJK,2011,66.994
Tajikistan,TJK,2012,71.931
Tajikistan,TJK,2013,74.517
Tajikistan,TJK,2014,77.416
Tajikistan,TJK,2015,78.728
Tajikistan,TJK,2016,80.235
Tajikistan,TJK,2017,84.146
Tajikistan,TJK,2018,85.762
Tajikistan,TJK,2019,87.256
Uzbekistan,UZB,1990,57.261
Uzbekistan,UZB,1991,58.259
Uzbekistan,UZB,1992,58.99
Uzbekistan,UZB,1993,58.622
Uzbekistan,UZB,1994,60.481
Uzbekistan,UZB,1995,61.543
Uzbekistan,UZB,1996,62.576
Uzbekistan,UZB,1997,63.912
Uzbekistan,UZB,1998,64.478
Uzbekistan,UZB,1999,66.156
Uzbekistan,UZB,2000,67.126
Uzbekistan,UZB,2001,70.726
Uzbekistan,UZB,2002,73.633
Uzbekistan,UZB,2003,77.201
Uzbekistan,UZB,2004,81.793
Uzbekistan,UZB,2005,86.469
Uzbekistan,UZB,2006,91.823
Uzbekistan,UZB,2007,96.507
Uzbekistan,UZB,2008,102.284
Uzbekistan,UZB,2009,108.891
Uzbekistan,UZB,2010,116.25
Uzbekistan,UZB,2011,122.72
Uzbekistan,UZB,2012,130.34
Uzbekistan,UZB,2013,135.754
Uzbekistan,UZB,2014,141.413
Uzbekistan,UZB,2015,147.935
Uzbekistan,UZB,2016,153.897
Uzbekistan,UZB,2017,158.153
Uzbekistan,UZB,2018,161.999
Uzbekistan,UZB,2019,165.657
Ukraine,UKR,1990,154.886
Ukraine,UKR,1991,156.106
Ukraine,UKR,1992,157.672
Ukraine,UKR,1993,159.005
Ukraine,UKR,1994,158.702
Ukraine,UKR,1995,157.844
Ukraine,UKR,1996,156.617
Ukraine,UKR,1997,156.381
Ukraine,UKR,1998,158.041
Ukraine,UKR,1999,159.78
Ukraine,UKR,2000,160.96
Ukraine,UKR,2001,166.633
Ukraine,UKR,2002,174.465
Ukraine,UKR,2003,184.843
Ukraine,UKR,2004,195.45
Ukraine,UKR,2005,205.056
Ukraine,UKR,2006,215.022
Ukraine,UKR,2007,224.225
Ukraine,UKR,2008,230.298
Ukraine,UKR,2009,233.381
Ukraine,UKR,2010,239.455
Ukraine,UKR,2011,250.016
Ukraine,UKR,2012,257.186
Ukraine,UKR,2013,261.412
Ukraine,UKR,2014,258.948
Ukraine,UKR,2015,255.245
Ukraine,UKR,2016,258.958
Ukraine,UKR,2017,261.134
Ukraine,UKR,2018,261.561
Ukraine,UKR,2019,261.358
Haiti,HTI,1990,17.167
Haiti,HTI,1991,17.159
Haiti,HTI,1992,17.182
Haiti,HTI,1993,17.208
Haiti,HTI,1994,17.281
Haiti,HTI,1995,17.266
Haiti,HTI,1996,15.137
Haiti,HTI,1997,15.367
Haiti,HTI,1998,16.182
Haiti,HTI,1999,16.185
Haiti,HTI,2000,16.906
Haiti,HTI,2001,17.129
Haiti,HTI,2002,16.719
Haiti,HTI,2003,18.096
Haiti,HTI,2004,17.936
Haiti,HTI,2005,18.39
Haiti,HTI,2006,19.806
Haiti,HTI,2007,20.258
Haiti,HTI,2008,21.386
Haiti,HTI,2009,21.607
Haiti,HTI,2010,22.963
Haiti,HTI,2011,24.347
Haiti,HTI,2012,24.972
Haiti,HTI,2013,25.553
Haiti,HTI,2014,26.126
Haiti,HTI,2015,27.673
Haiti,HTI,2016,28.604
Haiti,HTI,2017,29.309
Haiti,HTI,2018,30.02
Haiti,HTI,2019,30.721
Bolivia,BOL,1990,31.37
Bolivia,BOL,1991,33.195
Bolivia,BOL,1992,35.15
Bolivia,BOL,1993,37.37
Bolivia,BOL,1994,40.042
Bolivia,BOL,1995,43.136
Bolivia,BOL,1996,47.118
Bolivia,BOL,1997,50.463
Bolivia,BOL,1998,56.148
Bolivia,BOL,1999,60.166
Bolivia,BOL,2000,63.753
Bolivia,BOL,2001,66.438
Bolivia,BOL,2002,69.421
Bolivia,BOL,2003,75.07
Bolivia,BOL,2004,78.198
Bolivia,BOL,2005,80.903
Bolivia,BOL,2006,85.273
Bolivia,BOL,2007,87.706
Bolivia,BOL,2008,90.748
Bolivia,BOL,2009,94.384
Bolivia,BOL,2010,97.916
Bolivia,BOL,2011,99.903
Bolivia,BOL,2012,101.973
Bolivia,BOL,2013,104.727
Bolivia,BOL,2014,106.148
Bolivia,BOL,2015,109.021
Bolivia,BOL,2016,109.811
Bolivia,BOL,2017,110.58
Bolivia,BOL,2018,111.555
Bolivia,BOL,2019,112.451
El Salvador,SLV,1990,30.526
El Salvador,SLV,1991,30.842
El Salvador,SLV,1992,31.353
El Salvador,SLV,1993,32.432
El Salvador,SLV,1994,33.584
El Salvador,SLV,1995,34.966
El Salvador,SLV,1996,36.675
El Salvador,SLV,1997,38.623
El Salvador,SLV,1998,39.824
El Salvador,SLV,1999,40.75
El Salvador,SLV,2000,42.005
El Salvador,SLV,2001,43.346
El Salvador,SLV,2002,44.443
El Salvador,SLV,2003,45.768
El Salvador,SLV,2004,48.008
El Salvador,SLV,2005,50.628
El Salvador,SLV,2006,52.053
El Salvador,SLV,2007,54.635
El Salvador,SLV,2008,56.698
El Salvador,SLV,2009,58.748
El Salvador,SLV,2010,61.802
El Salvador,SLV,2011,63.753
El Salvador,SLV,2012,65.059
El Salvador,SLV,2013,66.115
El Salvador,SLV,2014,67.03
El Salvador,SLV,2015,68.513
El Salvador,SLV,2016,69.781
El Salvador,SLV,2017,70.858
El Salvador,SLV,2018,72.272
El Salvador,SLV,2019,73.791
Honduras,HND,1990,18.838
Honduras,HND,1991,19.52
Honduras,HND,1992,20.09
Honduras,HND,1993,20.545
Honduras,HND,1994,21.227
Honduras,HND,1995,21.835
Honduras,HND,1996,22.612
Honduras,HND,1997,23.285
Honduras,HND,1998,23.796
Honduras,HND,1999,25.271
Honduras,HND,2000,26.261
Honduras,HND,2001,26.572
Honduras,HND,2002,27.223
Honduras,HND,2003,28.412
Honduras,HND,2004,30.119
Honduras,HND,2005,32.239
Honduras,HND,2006,34.069
Honduras,HND,2007,35.869
Honduras,HND,2008,37.682
Honduras,HND,2009,38.295
Honduras,HND,2010,39.424
Honduras,HND,2011,40.417
Honduras,HND,2012,42.261
Honduras,HND,2013,42.608
Honduras,HND,2014,42.642
Honduras,HND,2015,43.381
Honduras,HND,2016,44.551
Honduras,HND,2017,45.907
Honduras,HND,2018,47.123
Honduras,HND,2019,48.311
Nicaragua,NIC,1990,22.362
Nicaragua,NIC,1991,23.139
Nicaragua,NIC,1992,23.716
Nicaragua,NIC,1993,24.302
Nicaragua,NIC,1994,25.158
Nicaragua,NIC,1995,25.765
Nicaragua,NIC,1996,26.294
Nicaragua,NIC,1997,26.114
Nicaragua,NIC,1998,26.531
Nicaragua,NIC,1999,28.184
Nicaragua,NIC,2000,27.726
Nicaragua,NIC,2001,28.397
Nicaragua,NIC,2002,29.785
Nicaragua,NIC,2003,31.109
Nicaragua,NIC,2004,32.962
Nicaragua,NIC,2005,34.967
Nicaragua,NIC,2006,37.267
Nicaragua,NIC,2007,39.875
Nicaragua,NIC,2008,42.382
Nicaragua,NIC,2009,44.405
Nicaragua,NIC,2010,46.123
Nicaragua,NIC,2011,49.361
Nicaragua,NIC,2012,52.881
Nicaragua,NIC,2013,55.224
Nicaragua,NIC,2014,57.402
Nicaragua,NIC,2015,59.794
Nicaragua,NIC,2016,62.049
Nicaragua,NIC,2017,63.784
Nicaragua,NIC,2018,65.541
Nicaragua,NIC,2019,67.127
Algeria,DZA,1990,18.308
Algeria,DZA,1991,18.953
Algeria,DZA,1992,19.434
Algeria,DZA,1993,19.847
Algeria,DZA,1994,20.44
Algeria,DZA,1995,21.086
Algeria,DZA,1996,21.819
Algeria,DZA,1997,22.499
Algeria,DZA,1998,23.357
Algeria,DZA,1999,24.298
Algeria,DZA,2000,25.693
Algeria,DZA,2001,26.664
Algeria,DZA,2002,27.774
Algeria,DZA,2003,29.172
Algeria,DZA,2004,30.602
Algeria,DZA,2005,32.354
Algeria,DZA,2006,34.031
Algeria,DZA,2007,35.877
Algeria,DZA,2008,38.013
Algeria,DZA,2009,39.891
Algeria,DZA,2010,42.47
Algeria,DZA,2011,44.165
Algeria,DZA,2012,45.874
Algeria,DZA,2013,48.056
Algeria,DZA,2014,48.98
Algeria,DZA,2015,49.834
Algeria,DZA,2016,51.259
Algeria,DZA,2017,52.981
Algeria,DZA,2018,54.442
Algeria,DZA,2019,55.946
"Egypt, Arab Rep.",EGY,1990,28.969
"Egypt, Arab Rep.",EGY,1991,30.161
"Egypt, Arab Rep.",EGY,1992,31.402
"Egypt, Arab Rep.",EGY,1993,32.705
"Egypt, Arab Rep.",EGY,1994,34.079
"Egypt, Arab Rep.",EGY,1995,35.519
"Egypt, Arab Rep.",EGY,1996,37.405
"Egypt, Arab Rep.",EGY,1997,39.296
"Egypt, Arab Rep.",EGY,1998,41.374
"Egypt, Arab Rep.",EGY,1999,42.608
"Egypt, Arab Rep.",EGY,2000,43.966
"Egypt, Arab Rep.",EGY,2001,46.036
"Egypt, Arab Rep.",EGY,2002,47.258
"Egypt, Arab Rep.",EGY,2003,47.953
"Egypt, Arab Rep.",EGY,2004,48.999
"Egypt, Arab Rep.",EGY,2005,50.559
"Egypt, Arab Rep.",EGY,2006,52.142
"Egypt, Arab Rep.",EGY,2007,53.466
"Egypt, Arab Rep.",EGY,2008,55.239
"Egypt, Arab Rep.",EGY,2009,56.421
"Egypt, Arab Rep.",EGY,2010,57.346
"Egypt, Arab Rep.",EGY,2011,59.083
"Egypt, Arab Rep.",EGY,2012,59.642
"Egypt, Arab Rep.",EGY,2013,58.57
"Egypt, Arab Rep.",EGY,2014,57.456
"Egypt, Arab Rep.",EGY,2015,57.921
"Egypt, Arab Rep.",EGY,2016,59.238
"Egypt, Arab Rep.",EGY,2017,60.836
"Egypt, Arab Rep.",EGY,2018,63.27
"Egypt, Arab Rep.",EGY,2019,65.756
"Iran, Islamic Rep.",IRN,1990,16.107
"Iran, Islamic Rep.",IRN,1991,16.771
"Iran, Islamic Rep.",IRN,1992,17.32
"Iran, Islamic Rep.",IRN,1993,17.512
"Iran, Islamic Rep.",IRN,1994,18.477
"Iran, Islamic Rep.",IRN,1995,19.478
"Iran, Islamic Rep.",IRN,1996,20.892
"Iran, Islamic Rep.",IRN,1997,22.353
"Iran, Islamic Rep.",IRN,1998,24.082
"Iran, Islamic Rep.",IRN,1999,25.98
"Iran, Islamic Rep.",IRN,2000,28.335
"Iran, Islamic Rep.",IRN,2001,30.597
"Iran, Islamic Rep.",IRN,2002,32.722
"Iran, Islamic Rep.",IRN,2003,35.606
"Iran, Islamic Rep.",IRN,2004,38.593
"Iran, Islamic Rep.",IRN,2005,41.149
"Iran, Islamic Rep.",IRN,2006,43.222
"Iran, Islamic Rep.",IRN,2007,46.301
"Iran, Islamic Rep.",IRN,2008,48.625
"Iran, Islamic Rep.",IRN,2009,51.888
"Iran, Islamic Rep.",IRN,2010,54.266
"Iran, Islamic Rep.",IRN,2011,54.733
"Iran, Islamic Rep.",IRN,2012,54.686
"Iran, Islamic Rep.",IRN,2013,54.501
"Iran, Islamic Rep.",IRN,2014,55.367
"Iran, Islamic Rep.",IRN,2015,56.833
"Iran, Islamic Rep.",IRN,2016,59.953
"Iran, Islamic Rep.",IRN,2017,62.746
"Iran, Islamic Rep.",IRN,2018,65.44
"Iran, Islamic Rep.",IRN,2019,68.072
Lebanon,LBN,1990,37.682
Lebanon,LBN,1991,38.848
Lebanon,LBN,1992,39.826
Lebanon,LBN,1993,41.567
Lebanon,LBN,1994,41.369
Lebanon,LBN,1995,43.556
Lebanon,LBN,1996,44.42
Lebanon,LBN,1997,45.615
Lebanon,LBN,1998,47.237
Lebanon,LBN,1999,47.593
Lebanon,LBN,2000,47.774
Lebanon,LBN,2001,49.129
Lebanon,LBN,2002,49.423
Lebanon,LBN,2003,50.095
Lebanon,LBN,2004,51.609
Lebanon,LBN,2005,53.99
Lebanon,LBN,2006,56.693
Lebanon,LBN,2007,60.299
Lebanon,LBN,2008,63.192
Lebanon,LBN,2009,66.482
Lebanon,LBN,2010,71.843
Lebanon,LBN,2011,75.629
Lebanon,LBN,2012,78.082
Lebanon,LBN,2013,80.81
Lebanon,LBN,2014,83.039
Lebanon,LBN,2015,86.42
Lebanon,LBN,2016,89.704
Lebanon,LBN,2017,93.048
Lebanon,LBN,2018,96.767
Lebanon,LBN,2019,100.165
Morocco,MAR,1990,12.619
Morocco,MAR,1991,12.956
Morocco,MAR,1992,13.178
Morocco,MAR,1993,13.388
Morocco,MAR,1994,13.725
Morocco,MAR,1995,14.08
Morocco,MAR,1996,14.777
Morocco,MAR,1997,15.147
Morocco,MAR,1998,15.897
Morocco,MAR,1999,16.422
Morocco,MAR,2000,17.28
Morocco,MAR,2001,18.069
Morocco,MAR,2002,18.873
Morocco,MAR,2003,19.792
Morocco,MAR,2004,20.419
Morocco,MAR,2005,21.097
Morocco,MAR,2006,22.316
Morocco,MAR,2007,23.352
Morocco,MAR,2008,24.129
Morocco,MAR,2009,25.444
Morocco,MAR,2010,26.047
Morocco,MAR,2011,26.523
Morocco,MAR,2012,26.851
Morocco,MAR,2013,27.564
Morocco,MAR,2014,27.888
Morocco,MAR,2015,28.241
Morocco,MAR,2016,29.408
Morocco,MAR,2017,30.309
Morocco,MAR,2018,31.279
Morocco,MAR,2019,32.288
Syrian Arab Republic,SYR,1990,16.496
Syrian Arab Republic,SYR,1991,16.947
Syrian Arab Republic,SYR,1992,17.583
Syrian Arab Republic,SYR,1993,18.348
Syrian Arab Republic,SYR,1994,19.036
Syrian Arab Republic,SYR,1995,19.811
Syrian Arab Republic,SYR,1996,20.785
Syrian Arab Republic,SYR,1997,21.719
Syrian Arab Republic,SYR,1998,22.518
Syrian Arab Republic,SYR,1999,23.278
Syrian Arab Republic,SYR,2000,23.894
Syrian Arab Republic,SYR,2001,24.667
Syrian Arab Republic,SYR,2002,26.347
Syrian Arab Republic,SYR,2003,26.551
Syrian Arab Republic,SYR,2004,27.213
Syrian Arab Republic,SYR,2005,28.314
Syrian Arab Republic,SYR,2006,27.888
Syrian Arab Republic,SYR,2007,27.766
Syrian Arab Republic,SYR,2008,28.032
Syrian Arab Republic,SYR,2009,28.772
Syrian Arab Republic,SYR,2010,29.186
Syrian Arab Republic,SYR,2011,28.849
Syrian Arab Republic,SYR,2012,28.81
Syrian Arab Republic,SYR,2013,29.575
Syrian Arab Republic,SYR,2014,30.378
Syrian Arab Republic,SYR,2015,31.216
Syrian Arab Republic,SYR,2016,32.397
Syrian Arab Republic,SYR,2017,33.714
Syrian Arab Republic,SYR,2018,35.055
Syrian Arab Republic,SYR,2019,36.527
Tunisia,TUN,1990,23.771
Tunisia,TUN,1991,24.397
Tunisia,TUN,1992,25.096
Tunisia,TUN,1993,25.695
Tunisia,TUN,1994,26.369
Tunisia,TUN,1995,26.912
Tunisia,TUN,1996,27.517
Tunisia,TUN,1997,28.302
Tunisia,TUN,1998,29.569
Tunisia,TUN,1999,30.89
Tunisia,TUN,2000,31.935
Tunisia,TUN,2001,33.302
Tunisia,TUN,2002,34.829
Tunisia,TUN,2003,36.444
Tunisia,TUN,2004,37.799
Tunisia,TUN,2005,39.013
Tunisia,TUN,2006,40.657
Tunisia,TUN,2007,42.055
Tunisia,TUN,2008,43.391
Tunisia,TUN,2009,44.545
Tunisia,TUN,2010,45.902
Tunisia,TUN,2011,46.474
Tunisia,TUN,2012,47.756
Tunisia,TUN,2013,48.746
Tunisia,TUN,2014,49.533
Tunisia,TUN,2015,50.095
Tunisia,TUN,2016,51.292
Tunisia,TUN,2017,52.338
Tunisia,TUN,2018,53.661
Tunisia,TUN,2019,54.968
"Yemen, Rep.",YEM,1990,7.401
"Yemen, Rep.",YEM,1991,7.528
"Yemen, Rep.",YEM,1992,7.672
"Yemen, Rep.",YEM,1993,7.832
"Yemen, Rep.",YEM,1994,8.044
"Yemen, Rep.",YEM,1995,8.309
"Yemen, Rep.",YEM,1996,8.474
"Yemen, Rep.",YEM,1997,8.905
"Yemen, Rep.",YEM,1998,9.587
"Yemen, Rep.",YEM,1999,9.975
"Yemen, Rep.",YEM,2000,10.434
"Yemen, Rep.",YEM,2001,11.309
"Yemen, Rep.",YEM,2002,12.138
"Yemen, Rep.",YEM,2003,13.339
"Yemen, Rep.",YEM,2004,14.226
"Yemen, Rep.",YEM,2005,14.989
"Yemen, Rep.",YEM,2006,15.484
"Yemen, Rep.",YEM,2007,15.965
"Yemen, Rep.",YEM,2008,16.347
"Yemen, Rep.",YEM,2009,16.976
"Yemen, Rep.",YEM,2010,17.415
"Yemen, Rep.",YEM,2011,16.988
"Yemen, Rep.",YEM,2012,17.212
"Yemen, Rep.",YEM,2013,17.787
"Yemen, Rep.",YEM,2014,17.707
"Yemen, Rep.",YEM,2015,17.068
"Yemen, Rep.",YEM,2016,16.948
"Yemen, Rep.",YEM,2017,17.683
"Yemen, Rep.",YEM,2018,17.999
"Yemen, Rep.",YEM,2019,18.365
Afghanistan,AFG,1990,10.001
Afghanistan,AFG,1991,10.177
Afghanistan,AFG,1992,10.437
Afghanistan,AFG,1993,10.522
Afghanistan,AFG,1994,10.403
Afghanistan,AFG,1995,10.279
Afghanistan,AFG,1996,10.032
Afghanistan,AFG,1997,9.838
Afghanistan,AFG,1998,9.49
Afghanistan,AFG,1999,9.243
Afghanistan,AFG,2000,9.025
Afghanistan,AFG,2001,8.972
Afghanistan,AFG,2002,9.066
Afghanistan,AFG,2003,9.228
Afghanistan,AFG,2004,9.761
Afghanistan,AFG,2005,10.084
Afghanistan,AFG,2006,10.312
Afghanistan,AFG,2007,10.711
Afghanistan,AFG,2008,11.02
Afghanistan,AFG,2009,11.576
Afghanistan,AFG,2010,11.954
Afghanistan,AFG,2011,12.38
Afghanistan,AFG,2012,12.563
Afghanistan,AFG,2013,13.069
Afghanistan,AFG,2014,13.42
Afghanistan,AFG,2015,13.901
Afghanistan,AFG,2016,13.848
Afghanistan,AFG,2017,14.159
Afghanistan,AFG,2018,14.617
Afghanistan,AFG,2019,15.086
Bangladesh,BGD,1990,14.968
Bangladesh,BGD,1991,15.324
Bangladesh,BGD,1992,15.698
Bangladesh,BGD,1993,16.079
Bangladesh,BGD,1994,16.499
Bangladesh,BGD,1995,16.921
Bangladesh,BGD,1996,17.259
Bangladesh,BGD,1997,17.326
Bangladesh,BGD,1998,18.232
Bangladesh,BGD,1999,19.13
Bangladesh,BGD,2000,19.733
Bangladesh,BGD,2001,20.292
Bangladesh,BGD,2002,21.127
Bangladesh,BGD,2003,22.036
Bangladesh,BGD,2004,23.064
Bangladesh,BGD,2005,24.359
Bangladesh,BGD,2006,25.047
Bangladesh,BGD,2007,26.007
Bangladesh,BGD,2008,27.275
Bangladesh,BGD,2009,28.791
Bangladesh,BGD,2010,30.781
Bangladesh,BGD,2011,32.657
Bangladesh,BGD,2012,34.277
Bangladesh,BGD,2013,35.284
Bangladesh,BGD,2014,36.259
Bangladesh,BGD,2015,37.811
Bangladesh,BGD,2016,39.42
Bangladesh,BGD,2017,40.988
Bangladesh,BGD,2018,42.434
Bangladesh,BGD,2019,43.901
Bhutan,BTN,1990,29.925
Bhutan,BTN,1991,30.448
Bhutan,BTN,1992,30.78
Bhutan,BTN,1993,31.358
Bhutan,BTN,1994,31.983
Bhutan,BTN,1995,32.759
Bhutan,BTN,1996,34.387
Bhutan,BTN,1997,39.576
Bhutan,BTN,1998,39.972
Bhutan,BTN,1999,37.942
Bhutan,BTN,2000,39.144
Bhutan,BTN,2001,39.022
Bhutan,BTN,2002,41.341
Bhutan,BTN,2003,43.599
Bhutan,BTN,2004,45.588
Bhutan,BTN,2005,47.943
Bhutan,BTN,2006,49.09
Bhutan,BTN,2007,52.224
Bhutan,BTN,2008,53.751
Bhutan,BTN,2009,57.415
Bhutan,BTN,2010,59.396
Bhutan,BTN,2011,62.338
Bhutan,BTN,2012,66.991
Bhutan,BTN,2013,69.967
Bhutan,BTN,2014,72.986
Bhutan,BTN,2015,78.675
Bhutan,BTN,2016,81.602
Bhutan,BTN,2017,84.411
Bhutan,BTN,2018,87.766
Bhutan,BTN,2019,91.124
India,IND,1990,17.293
India,IND,1991,17.741
India,IND,1992,18.221
India,IND,1993,18.718
India,IND,1994,19.248
India,IND,1995,19.813
India,IND,1996,20.418
India,IND,1997,20.971
India,IND,1998,21.546
India,IND,1999,22.179
India,IND,2000,22.868
India,IND,2001,23.547
India,IND,2002,24.191
India,IND,2003,24.771
India,IND,2004,25.608
India,IND,2005,26.454
India,IND,2006,27.253
India,IND,2007,28.22
India,IND,2008,29.111
India,IND,2009,30.162
India,IND,2010,31.238
India,IND,2011,32.362
India,IND,2012,33.516
India,IND,2013,34.898
India,IND,2014,36.211
India,IND,2015,38.16
India,IND,2016,39.957
India,IND,2017,41.739
India,IND,2018,43.427
India,IND,2019,45.181
Nepal,NPL,1990,24.092
Nepal,NPL,1991,24.34
Nepal,NPL,1992,24.637
Nepal,NPL,1993,24.968
Nepal,NPL,1994,25.403
Nepal,NPL,1995,25.912
Nepal,NPL,1996,27.066
Nepal,NPL,1997,28.634
Nepal,NPL,1998,29.739
Nepal,NPL,1999,29.904
Nepal,NPL,2000,29.2
Nepal,NPL,2001,30.426
Nepal,NPL,2002,30.879
Nepal,NPL,2003,32.323
Nepal,NPL,2004,32.598
Nepal,NPL,2005,33.299
Nepal,NPL,2006,34.252
Nepal,NPL,2007,35.18
Nepal,NPL,2008,37.692
Nepal,NPL,2009,38.504
Nepal,NPL,2010,41.299
Nepal,NPL,2011,42.761
Nepal,NPL,2012,44.773
Nepal,NPL,2013,47.772
Nepal,NPL,2014,50.351
Nepal,NPL,2015,52.346
Nepal,NPL,2016,53.275
Nepal,NPL,2017,55.173
Nepal,NPL,2018,56.93
Nepal,NPL,2019,58.667
Pakistan,PAK,1990,18.341
Pakistan,PAK,1991,18.451
Pakistan,PAK,1992,18.58
Pakistan,PAK,1993,18.664
Pakistan,PAK,1994,18.884
Pakistan,PAK,1995,19.089
Pakistan,PAK,1996,19.357
Pakistan,PAK,1997,19.751
Pakistan,PAK,1998,19.965
Pakistan,PAK,1999,20.48
Pakistan,PAK,2000,21.01
Pakistan,PAK,2001,21.779
Pakistan,PAK,2002,22.405
Pakistan,PAK,2003,22.645
Pakistan,PAK,2004,24.062
Pakistan,PAK,2005,25.8
Pakistan,PAK,2006,27.848
Pakistan,PAK,2007,29.54
Pakistan,PAK,2008,30.254
Pakistan,PAK,2009,31.144
Pakistan,PAK,2010,31.865
Pakistan,PAK,2011,32.401
Pakistan,PAK,2012,33.848
Pakistan,PAK,2013,35.516
Pakistan,PAK,2014,36.52
Pakistan,PAK,2015,38.028
Pakistan,PAK,2016,39.273
Pakistan,PAK,2017,40.487
Pakistan,PAK,2018,41.807
Pakistan,PAK,2019,43.162
Angola,AGO,1990,29.271
Angola,AGO,1991,28.972
Angola,AGO,1992,29.67
Angola,AGO,1993,29.84
Angola,AGO,1994,29.909
Angola,AGO,1995,29.673
Angola,AGO,1996,29.593
Angola,AGO,1997,28.196
Angola,AGO,1998,28.177
Angola,AGO,1999,27.387
Angola,AGO,2000,28.313
Angola,AGO,2001,30.908
Angola,AGO,2002,31.673
Angola,AGO,2003,32.618
Angola,AGO,2004,33.946
Angola,AGO,2005,35.287
Angola,AGO,2006,35.682
Angola,AGO,2007,37.188
Angola,AGO,2008,38.448
Angola,AGO,2009,39.235
Angola,AGO,2010,39.654
Angola,AGO,2011,40.336
Angola,AGO,2012,40.498
Angola,AGO,2013,40.652
Angola,AGO,2014,39.667
Angola,AGO,2015,41.494
Angola,AGO,2016,43.074
Angola,AGO,2017,44.768
Angola,AGO,2018,46.595
Angola,AGO,2019,48.404
Central African Republic,CAF,1990,22.837
Central African Republic,CAF,1991,22.943
Central African Republic,CAF,1992,23.203
Central African Republic,CAF,1993,23.227
Central African Republic,CAF,1994,23.699
Central African Republic,CAF,1995,23.449
Central African Republic,CAF,1996,22.304
Central African Republic,CAF,1997,22.972
Central African Republic,CAF,1998,25.117
Central African Republic,CAF,1999,24.259
Central African Republic,CAF,2000,23.564
Central African Republic,CAF,2001,24.209
Central African Republic,CAF,2002,24.903
Central African Republic,CAF,2003,24.435
Central African Republic,CAF,2004,25.019
Central African Republic,CAF,2005,25.322
Central African Republic,CAF,2006,25.864
Central African Republic,CAF,2007,25.03
Central African Republic,CAF,2008,26.603
Central African Republic,CAF,2009,24.559
Central African Republic,CAF,2010,25.811
Central African Republic,CAF,2011,26.793
Central African Republic,CAF,2012,26.962
Central African Republic,CAF,2013,25.826
Central African Republic,CAF,2014,26.691
Central African Republic,CAF,2015,25.033
Central African Republic,CAF,2016,28.472
Central African Republic,CAF,2017,27.569
Central African Republic,CAF,2018,28.146
Central African Republic,CAF,2019,28.769
"Congo, Rep.",COG,1990,31.048
"Congo, Rep.",COG,1991,31.434
"Congo, Rep.",COG,1992,32.41
"Congo, Rep.",COG,1993,33.267
"Congo, Rep.",COG,1994,34.226
"Congo, Rep.",COG,1995,35.396
"Congo, Rep.",COG,1996,35.086
"Congo, Rep.",COG,1997,36.132
"Congo, Rep.",COG,1998,37.228
"Congo, Rep.",COG,1999,36.701
"Congo, Rep.",COG,2000,37.557
"Congo, Rep.",COG,2001,38.419
"Congo, Rep.",COG,2002,39.096
"Congo, Rep.",COG,2003,40.538
"Congo, Rep.",COG,2004,42.236
"Congo, Rep.",COG,2005,43.155
"Congo, Rep.",COG,2006,44.039
"Congo, Rep.",COG,2007,45.033
"Congo, Rep.",COG,2008,48.306
"Congo, Rep.",COG,2009,50.146
"Congo, Rep.",COG,2010,54.461
"Congo, Rep.",COG,2011,55.912
"Congo, Rep.",COG,2012,58.469
"Congo, Rep.",COG,2013,60.25
"Congo, Rep.",COG,2014,63.043
"Congo, Rep.",COG,2015,69.196
"Congo, Rep.",COG,2016,72.108
"Congo, Rep.",COG,2017,77.763
"Congo, Rep.",COG,2018,81.129
"Congo, Rep.",COG,2019,84.431
"Congo, Dem. Rep.",COD,1990,36.123
"Congo, Dem. Rep.",COD,1991,36.347
"Congo, Dem. Rep.",COD,1992,36.575
"Congo, Dem. Rep.",COD,1993,36.752
"Congo, Dem. Rep.",COD,1994,36.914
"Congo, Dem. Rep.",COD,1995,36.979
"Congo, Dem. Rep.",COD,1996,36.747
"Congo, Dem. Rep.",COD,1997,36.898
"Congo, Dem. Rep.",COD,1998,36.896
"Congo, Dem. Rep.",COD,1999,34.919
"Congo, Dem. Rep.",COD,2000,32.078
"Congo, Dem. Rep.",COD,2001,32.649
"Congo, Dem. Rep.",COD,2002,32.758
"Congo, Dem. Rep.",COD,2003,34.276
"Congo, Dem. Rep.",COD,2004,34.871
"Congo, Dem. Rep.",COD,2005,36.998
"Congo, Dem. Rep.",COD,2006,37.332
"Congo, Dem. Rep.",COD,2007,37.959
"Congo, Dem. Rep.",COD,2008,43.334
"Congo, Dem. Rep.",COD,2009,45.499
"Congo, Dem. Rep.",COD,2010,44.734
"Congo, Dem. Rep.",COD,2011,45.967
"Congo, Dem. Rep.",COD,2012,49.781
"Congo, Dem. Rep.",COD,2013,51.897
"Congo, Dem. Rep.",COD,2014,54.664
"Congo, Dem. Rep.",COD,2015,57.664
"Congo, Dem. Rep.",COD,2016,58.948
"Congo, Dem. Rep.",COD,2017,61.582
"Congo, Dem. Rep.",COD,2018,64.02
"Congo, Dem. Rep.",COD,2019,66.374
Burundi,BDI,1990,16.546
Burundi,BDI,1991,16.547
Burundi,BDI,1992,16.498
Burundi,BDI,1993,16.597
Burundi,BDI,1994,16.714
Burundi,BDI,1995,16.682
Burundi,BDI,1996,16.044
Burundi,BDI,1997,16.117
Burundi,BDI,1998,16.375
Burundi,BDI,1999,16.748
Burundi,BDI,2000,17.475
Burundi,BDI,2001,17.373
Burundi,BDI,2002,17.579
Burundi,BDI,2003,17.685
Burundi,BDI,2004,18.421
Burundi,BDI,2005,19.759
Burundi,BDI,2006,20.427
Burundi,BDI,2007,20.269
Burundi,BDI,2008,20.904
Burundi,BDI,2009,21.374
Burundi,BDI,2010,22.179
Burundi,BDI,2011,22.419
Burundi,BDI,2012,21.93
Burundi,BDI,2013,22.042
Burundi,BDI,2014,22.001
Burundi,BDI,2015,21.898
Burundi,BDI,2016,23.367
Burundi,BDI,2017,22.965
Burundi,BDI,2018,23.291
Burundi,BDI,2019,23.588
Comoros,COM,1990,23.995
Comoros,COM,1991,24.649
Comoros,COM,1992,25.31
Comoros,COM,1993,26.158
Comoros,COM,1994,26.585
Comoros,COM,1995,27.365
Comoros,COM,1996,26.788
Comoros,COM,1997,28.555
Comoros,COM,1998,30.457
Comoros,COM,1999,29.611
Comoros,COM,2000,31.618
Comoros,COM,2001,32.114
Comoros,COM,2002,33.262
Comoros,COM,2003,33.802
Comoros,COM,2004,33.633
Comoros,COM,2005,33.876
Comoros,COM,2006,34.245
Comoros,COM,2007,34.293
Comoros,COM,2008,34.168
Comoros,COM,2009,34.984
Comoros,COM,2010,37.055
Comoros,COM,2011,37.113
Comoros,COM,2012,38.898
Comoros,COM,2013,39.35
Comoros,COM,2014,39.579
Comoros,COM,2015,39.924
Comoros,COM,2016,42.122
Comoros,COM,2017,42.42
Comoros,COM,2018,43.787
Comoros,COM,2019,45.139
Djibouti,DJI,1990,13.463
Djibouti,DJI,1991,13.696
Djibouti,DJI,1992,13.61
Djibouti,DJI,1993,13.835
Djibouti,DJI,1994,14.135
Djibouti,DJI,1995,14.518
Djibouti,DJI,1996,14.067
Djibouti,DJI,1997,15.611
Djibouti,DJI,1998,16.086
Djibouti,DJI,1999,15.279
Djibouti,DJI,2000,14.986
Djibouti,DJI,2001,14.541
Djibouti,DJI,2002,14.805
Djibouti,DJI,2003,15.156
Djibouti,DJI,2004,16.208
Djibouti,DJI,2005,17.357
Djibouti,DJI,2006,18.386
Djibouti,DJI,2007,19.191
Djibouti,DJI,2008,19.475
Djibouti,DJI,2009,19.6
Djibouti,DJI,2010,19.856
Djibouti,DJI,2011,21.034
Djibouti,DJI,2012,21.919
Djibouti,DJI,2013,21.72
Djibouti,DJI,2014,22.137
Djibouti,DJI,2015,22.128
Djibouti,DJI,2016,23.128
Djibouti,DJI,2017,24.495
Djibouti,DJI,2018,25.335
Djibouti,DJI,2019,26.196
Eritrea,ERI,1990,15.957
Eritrea,ERI,1991,16.133
Eritrea,ERI,1992,16.349
Eritrea,ERI,1993,16.092
Eritrea,ERI,1994,16.633
Eritrea,ERI,1995,16.526
Eritrea,ERI,1996,17.484
Eritrea,ERI,1997,17.283
Eritrea,ERI,1998,18.775
Eritrea,ERI,1999,19.873
Eritrea,ERI,2000,22.355
Eritrea,ERI,2001,20.177
Eritrea,ERI,2002,22.382
Eritrea,ERI,2003,23.799
Eritrea,ERI,2004,22.859
Eritrea,ERI,2005,22.367
Eritrea,ERI,2006,20.503
Eritrea,ERI,2007,21.316
Eritrea,ERI,2008,21.294
Eritrea,ERI,2009,20.101
Eritrea,ERI,2010,22.851
Eritrea,ERI,2011,20.677
Eritrea,ERI,2012,22.405
Eritrea,ERI,2013,22.606
Eritrea,ERI,2014,23.488
Eritrea,ERI,2015,22.563
Eritrea,ERI,2016,23.571
Eritrea,ERI,2017,24.25
Eritrea,ERI,2018,24.943
Eritrea,ERI,2019,25.612
Ethiopia,ETH,1990,6.138
Ethiopia,ETH,1991,6.18
Ethiopia,ETH,1992,6.217
Ethiopia,ETH,1993,6.26
Ethiopia,ETH,1994,6.287
Ethiopia,ETH,1995,6.392
Ethiopia,ETH,1996,6.618
Ethiopia,ETH,1997,6.715
Ethiopia,ETH,1998,6.698
Ethiopia,ETH,1999,7.102
Ethiopia,ETH,2000,7.24
Ethiopia,ETH,2001,7.571
Ethiopia,ETH,2002,7.74
Ethiopia,ETH,2003,8.007
Ethiopia,ETH,2004,8.163
Ethiopia,ETH,2005,8.619
Ethiopia,ETH,2006,9.353
Ethiopia,ETH,2007,9.872
Ethiopia,ETH,2008,10.016
Ethiopia,ETH,2009,10.582
Ethiopia,ETH,2010,12.001
Ethiopia,ETH,2011,12.993
Ethiopia,ETH,2012,13.313
Ethiopia,ETH,2013,14.559
Ethiopia,ETH,2014,14.717
Ethiopia,ETH,2015,15.332
Ethiopia,ETH,2016,15.961
Ethiopia,ETH,2017,16.818
Ethiopia,ETH,2018,17.518
Ethiopia,ETH,2019,18.187
Kenya,KEN,1990,24.521
Kenya,KEN,1991,25.052
Kenya,KEN,1992,25.536
Kenya,KEN,1993,26.021
Kenya,KEN,1994,26.564
Kenya,KEN,1995,27.214
Kenya,KEN,1996,28.214
Kenya,KEN,1997,28.393
Kenya,KEN,1998,29.476
Kenya,KEN,1999,30.285
Kenya,KEN,2000,31.357
Kenya,KEN,2001,32.102
Kenya,KEN,2002,32.278
Kenya,KEN,2003,32.957
Kenya,KEN,2004,33.799
Kenya,KEN,2005,34.167
Kenya,KEN,2006,35.68
Kenya,KEN,2007,35.91
Kenya,KEN,2008,37.1
Kenya,KEN,2009,38.508
Kenya,KEN,2010,40.544
Kenya,KEN,2011,42.906
Kenya,KEN,2012,44.356
Kenya,KEN,2013,46.127
Kenya,KEN,2014,46.717
Kenya,KEN,2015,47.73
Kenya,KEN,2016,49.161
Kenya,KEN,2017,51.122
Kenya,KEN,2018,52.955
Kenya,KEN,2019,54.793
Madagascar,MDG,1990,22.69
Madagascar,MDG,1991,22.913
Madagascar,MDG,1992,23.067
Madagascar,MDG,1993,23.234
Madagascar,MDG,1994,23.391
Madagascar,MDG,1995,23.57
Madagascar,MDG,1996,23.676
Madagascar,MDG,1997,23.961
Madagascar,MDG,1998,24.697
Madagascar,MDG,1999,24.324
Madagascar,MDG,2000,25.057
Madagascar,MDG,2001,25.665
Madagascar,MDG,2002,25.141
Madagascar,MDG,2003,25.699
Madagascar,MDG,2004,27.062
Madagascar,MDG,2005,27.479
Madagascar,MDG,2006,27.115
Madagascar,MDG,2007,27.251
Madagascar,MDG,2008,27.004
Madagascar,MDG,2009,26.73
Madagascar,MDG,2010,29.071
Madagascar,MDG,2011,28.063
Madagascar,MDG,2012,27.97
Madagascar,MDG,2013,28.889
Madagascar,MDG,2014,29.503
Madagascar,MDG,2015,30.927
Madagascar,MDG,2016,31.845
Madagascar,MDG,2017,32.724
Madagascar,MDG,2018,33.576
Madagascar,MDG,2019,34.442
Malawi,MWI,1990,13.559
Malawi,MWI,1991,13.753
Malawi,MWI,1992,13.848
Malawi,MWI,1993,13.962
Malawi,MWI,1994,13.928
Malawi,MWI,1995,14.18
Malawi,MWI,1996,14.811
Malawi,MWI,1997,15.312
Malawi,MWI,1998,14.793
Malawi,MWI,1999,16.454
Malawi,MWI,2000,16.244
Malawi,MWI,2001,15.76
Malawi,MWI,2002,15.552
Malawi,MWI,2003,16.748
Malawi,MWI,2004,17.951
Malawi,MWI,2005,18.637
Malawi,MWI,2006,20.457
Malawi,MWI,2007,22.4
Malawi,MWI,2008,23.622
Malawi,MWI,2009,23.123
Malawi,MWI,2010,22.632
Malawi,MWI,2011,24.489
Malawi,MWI,2012,27.52
Malawi,MWI,2013,29.284
Malawi,MWI,2014,29.276
Malawi,MWI,2015,30.268
Malawi,MWI,2016,31.245
Malawi,MWI,2017,32.262
Malawi,MWI,2018,33.328
Malawi,MWI,2019,34.407
Mozambique,MOZ,1990,11.908
Mozambique,MOZ,1991,11.964
Mozambique,MOZ,1992,11.943
Mozambique,MOZ,1993,12.014
Mozambique,MOZ,1994,12.032
Mozambique,MOZ,1995,12.141
Mozambique,MOZ,1996,12.928
Mozambique,MOZ,1997,12.743
Mozambique,MOZ,1998,13.112
Mozambique,MOZ,1999,13.517
Mozambique,MOZ,2000,14.053
Mozambique,MOZ,2001,14.518
Mozambique,MOZ,2002,15.093
Mozambique,MOZ,2003,15.153
Mozambique,MOZ,2004,15.495
Mozambique,MOZ,2005,15.588
Mozambique,MOZ,2006,15.69
Mozambique,MOZ,2007,15.84
Mozambique,MOZ,2008,15.928
Mozambique,MOZ,2009,15.717
Mozambique,MOZ,2010,16.846
Mozambique,MOZ,2011,16.366
Mozambique,MOZ,2012,16.822
Mozambique,MOZ,2013,17.724
Mozambique,MOZ,2014,18.892
Mozambique,MOZ,2015,19.013
Mozambique,MOZ,2016,21.13
Mozambique,MOZ,2017,21.743
Mozambique,MOZ,2018,22.451
Mozambique,MOZ,2019,23.126
Rwanda,RWA,1990,9.887
Rwanda,RWA,1991,9.855
Rwanda,RWA,1992,9.83
Rwanda,RWA,1993,9.812
Rwanda,RWA,1994,9.637
Rwanda,RWA,1995,9.451
Rwanda,RWA,1996,9.507
Rwanda,RWA,1997,9.957
Rwanda,RWA,1998,9.943
Rwanda,RWA,1999,9.769
Rwanda,RWA,2000,9.777
Rwanda,RWA,2001,10.31
Rwanda,RWA,2002,11.153
Rwanda,RWA,2003,12.216
Rwanda,RWA,2004,14.258
Rwanda,RWA,2005,15.024
Rwanda,RWA,2006,16.234
Rwanda,RWA,2007,16.917
Rwanda,RWA,2008,18.693
Rwanda,RWA,2009,19.647
Rwanda,RWA,2010,21.186
Rwanda,RWA,2011,22.478
Rwanda,RWA,2012,23.097
Rwanda,RWA,2013,23.44
Rwanda,RWA,2014,25.349
Rwanda,RWA,2015,25.034
Rwanda,RWA,2016,25.692
Rwanda,RWA,2017,26.942
Rwanda,RWA,2018,27.934
Rwanda,RWA,2019,28.911
Somalia,SOM,1990,8.555
Somalia,SOM,1991,8.558
Somalia,SOM,1992,8.581
Somalia,SOM,1993,8.612
Somalia,SOM,1994,8.644
Somalia,SOM,1995,8.678
Somalia,SOM,1996,8.659
Somalia,SOM,1997,8.662
Somalia,SOM,1998,8.706
Somalia,SOM,1999,8.78
Somalia,SOM,2000,8.811
Somalia,SOM,2001,8.912
Somalia,SOM,2002,8.959
Somalia,SOM,2003,8.963
Somalia,SOM,2004,9.255
Somalia,SOM,2005,9.337
Somalia,SOM,2006,9.504
Somalia,SOM,2007,9.534
Somalia,SOM,2008,9.584
Somalia,SOM,2009,9.642
Somalia,SOM,2010,10.895
Somalia,SOM,2011,11.087
Somalia,SOM,2012,12.328
Somalia,SOM,2013,11.693
Somalia,SOM,2014,11.571
Somalia,SOM,2015,11.938
Somalia,SOM,2016,12.814
Somalia,SOM,2017,13.522
Somalia,SOM,2018,13.708
Somalia,SOM,2019,13.88
Tanzania,TZA,1990,24.679
Tanzania,TZA,1991,24.844
Tanzania,TZA,1992,24.925
Tanzania,TZA,1993,25.119
Tanzania,TZA,1994,25.289
Tanzania,TZA,1995,25.521
Tanzania,TZA,1996,25.865
Tanzania,TZA,1997,25.904
Tanzania,TZA,1998,25.434
Tanzania,TZA,1999,26.125
Tanzania,TZA,2000,24.966
Tanzania,TZA,2001,27.175
Tanzania,TZA,2002,28.748
Tanzania,TZA,2003,30.866
Tanzania,TZA,2004,33.53
Tanzania,TZA,2005,35.124
Tanzania,TZA,2006,36.772
Tanzania,TZA,2007,37.324
Tanzania,TZA,2008,37.868
Tanzania,TZA,2009,37.995
Tanzania,TZA,2010,40.025
Tanzania,TZA,2011,41.243
Tanzania,TZA,2012,41.284
Tanzania,TZA,2013,42.44
Tanzania,TZA,2014,43.593
Tanzania,TZA,2015,44.719
Tanzania,TZA,2016,47.009
Tanzania,TZA,2017,48.814
Tanzania,TZA,2018,50.358
Tanzania,TZA,2019,51.726
Uganda,UGA,1990,20.675
Uganda,UGA,1991,20.765
Uganda,UGA,1992,20.813
Uganda,UGA,1993,20.836
Uganda,UGA,1994,20.892
Uganda,UGA,1995,20.961
Uganda,UGA,1996,21.297
Uganda,UGA,1997,21.392
Uganda,UGA,1998,21.505
Uganda,UGA,1999,21.756
Uganda,UGA,2000,21.92
Uganda,UGA,2001,23.145
Uganda,UGA,2002,23.054
Uganda,UGA,2003,24.808
Uganda,UGA,2004,25.384
Uganda,UGA,2005,25.642
Uganda,UGA,2006,25.845
Uganda,UGA,2007,25.546
Uganda,UGA,2008,24.173
Uganda,UGA,2009,24.035
Uganda,UGA,2010,23.661
Uganda,UGA,2011,23.776
Uganda,UGA,2012,24.813
Uganda,UGA,2013,25.138
Uganda,UGA,2014,25.838
Uganda,UGA,2015,26.394
Uganda,UGA,2016,27.534
Uganda,UGA,2017,28.479
Uganda,UGA,2018,29.496
Uganda,UGA,2019,30.517
Zambia,ZMB,1990,25.405
Zambia,ZMB,1991,25.727
Zambia,ZMB,1992,25.994
Zambia,ZMB,1993,26.228
Zambia,ZMB,1994,26.22
Zambia,ZMB,1995,26.204
Zambia,ZMB,1996,26.453
Zambia,ZMB,1997,26.163
Zambia,ZMB,1998,25.818
Zambia,ZMB,1999,26.348
Zambia,ZMB,2000,27.607
Zambia,ZMB,2001,27.427
Zambia,ZMB,2002,27.798
Zambia,ZMB,2003,29.413
Zambia,ZMB,2004,30.067
Zambia,ZMB,2005,30.019
Zambia,ZMB,2006,28.347
Zambia,ZMB,2007,29.708
Zambia,ZMB,2008,30.877
Zambia,ZMB,2009,31.789
Zambia,ZMB,2010,31.279
Zambia,ZMB,2011,34.354
Zambia,ZMB,2012,36.374
Zambia,ZMB,2013,38.406
Zambia,ZMB,2014,38.999
Zambia,ZMB,2015,40.032
Zambia,ZMB,2016,42.779
Zambia,ZMB,2017,44.194
Zambia,ZMB,2018,46.157
Zambia,ZMB,2019,48.071
Lesotho,LSO,1990,21.191
Lesotho,LSO,1991,21.603
Lesotho,LSO,1992,21.817
Lesotho,LSO,1993,22.205
Lesotho,LSO,1994,22.484
Lesotho,LSO,1995,22.867
Lesotho,LSO,1996,23.382
Lesotho,LSO,1997,23.572
Lesotho,LSO,1998,23.811
Lesotho,LSO,1999,24.104
Lesotho,LSO,2000,25.699
Lesotho,LSO,2001,26.373
Lesotho,LSO,2002,26.668
Lesotho,LSO,2003,27.147
Lesotho,LSO,2004,27.313
Lesotho,LSO,2005,27.238
Lesotho,LSO,2006,27.948
Lesotho,LSO,2007,29.618
Lesotho,LSO,2008,31.549
Lesotho,LSO,2009,31.052
Lesotho,LSO,2010,33.602
Lesotho,LSO,2011,35.586
Lesotho,LSO,2012,37.687
Lesotho,LSO,2013,40.812
Lesotho,LSO,2014,38.263
Lesotho,LSO,2015,39.275
Lesotho,LSO,2016,42.39
Lesotho,LSO,2017,43.709
Lesotho,LSO,2018,45.164
Lesotho,LSO,2019,46.561
Eswatini,SWZ,1990,22
Eswatini,SWZ,1991,22.408
Eswatini,SWZ,1992,22.72
Eswatini,SWZ,1993,23.277
Eswatini,SWZ,1994,23.841
Eswatini,SWZ,1995,24.636
Eswatini,SWZ,1996,25.504
Eswatini,SWZ,1997,26.152
Eswatini,SWZ,1998,26.96
Eswatini,SWZ,1999,26.876
Eswatini,SWZ,2000,27.407
Eswatini,SWZ,2001,27.718
Eswatini,SWZ,2002,28.263
Eswatini,SWZ,2003,29.465
Eswatini,SWZ,2004,29.803
Eswatini,SWZ,2005,32.33
Eswatini,SWZ,2006,33.27
Eswatini,SWZ,2007,34.753
Eswatini,SWZ,2008,36.205
Eswatini,SWZ,2009,38.069
Eswatini,SWZ,2010,40.944
Eswatini,SWZ,2011,42.477
Eswatini,SWZ,2012,42.679
Eswatini,SWZ,2013,44.185
Eswatini,SWZ,2014,44.357
Eswatini,SWZ,2015,45.918
Eswatini,SWZ,2016,49.521
Eswatini,SWZ,2017,50.771
Eswatini,SWZ,2018,52.632
Eswatini,SWZ,2019,54.436
Zimbabwe,ZWE,1990,43.542
Zimbabwe,ZWE,1991,44.857
Zimbabwe,ZWE,1992,45.645
Zimbabwe,ZWE,1993,46.372
Zimbabwe,ZWE,1994,46.777
Zimbabwe,ZWE,1995,47.256
Zimbabwe,ZWE,1996,47.539
Zimbabwe,ZWE,1997,47.888
Zimbabwe,ZWE,1998,47.788
Zimbabwe,ZWE,1999,47.325
Zimbabwe,ZWE,2000,46.726
Zimbabwe,ZWE,2001,46.983
Zimbabwe,ZWE,2002,46.551
Zimbabwe,ZWE,2003,46.237
Zimbabwe,ZWE,2004,44.996
Zimbabwe,ZWE,2005,44.128
Zimbabwe,ZWE,2006,42.961
Zimbabwe,ZWE,2007,42.636
Zimbabwe,ZWE,2008,40.961
Zimbabwe,ZWE,2009,39.998
Zimbabwe,ZWE,2010,39.037
Zimbabwe,ZWE,2011,38.308
Zimbabwe,ZWE,2012,40.718
Zimbabwe,ZWE,2013,40.381
Zimbabwe,ZWE,2014,41.935
Zimbabwe,ZWE,2015,43.979
Zimbabwe,ZWE,2016,44.146
Zimbabwe,ZWE,2017,45.486
Zimbabwe,ZWE,2018,46.874
Zimbabwe,ZWE,2019,48.076
Benin,BEN,1990,17.647
Benin,BEN,1991,17.667
Benin,BEN,1992,17.627
Benin,BEN,1993,17.658
Benin,BEN,1994,17.637
Benin,BEN,1995,17.673
Benin,BEN,1996,18.038
Benin,BEN,1997,18.013
Benin,BEN,1998,19.047
Benin,BEN,1999,18.661
Benin,BEN,2000,19.196
Benin,BEN,2001,19.51
Benin,BEN,2002,19.38
Benin,BEN,2003,19.749
Benin,BEN,2004,20.379
Benin,BEN,2005,20.547
Benin,BEN,2006,20.691
Benin,BEN,2007,20.264
Benin,BEN,2008,20.564
Benin,BEN,2009,21.375
Benin,BEN,2010,22.181
Benin,BEN,2011,22.346
Benin,BEN,2012,21.937
Benin,BEN,2013,22.41
Benin,BEN,2014,23.005
Benin,BEN,2015,22.879
Benin,BEN,2016,23.692
Benin,BEN,2017,24.115
Benin,BEN,2018,24.877
Benin,BEN,2019,25.661
Burkina Faso,BFA,1990,14.034
Burkina Faso,BFA,1991,14
Burkina Faso,BFA,1992,13.969
Burkina Faso,BFA,1993,13.899
Burkina Faso,BFA,1994,13.872
Burkina Faso,BFA,1995,13.843
Burkina Faso,BFA,1996,13.352
Burkina Faso,BFA,1997,14.103
Burkina Faso,BFA,1998,14.235
Burkina Faso,BFA,1999,13.89
Burkina Faso,BFA,2000,13.801
Burkina Faso,BFA,2001,14.363
Burkina Faso,BFA,2002,14.31
Burkina Faso,BFA,2003,15.095
Burkina Faso,BFA,2004,15.768
Burkina Faso,BFA,2005,16.394
Burkina Faso,BFA,2006,16.857
Burkina Faso,BFA,2007,16.746
Burkina Faso,BFA,2008,17.224
Burkina Faso,BFA,2009,17.4
Burkina Faso,BFA,2010,17.866
Burkina Faso,BFA,2011,17.038
Burkina Faso,BFA,2012,17.679
Burkina Faso,BFA,2013,17.987
Burkina Faso,BFA,2014,18.428
Burkina Faso,BFA,2015,19.103
Burkina Faso,BFA,2016,19.412
Burkina Faso,BFA,2017,19.725
Burkina Faso,BFA,2018,20.134
Burkina Faso,BFA,2019,20.548
Cameroon,CMR,1990,40.05
Cameroon,CMR,1991,40.689
Cameroon,CMR,1992,41.363
Cameroon,CMR,1993,42.003
Cameroon,CMR,1994,42.627
Cameroon,CMR,1995,43.32
Cameroon,CMR,1996,45.599
Cameroon,CMR,1997,45.485
Cameroon,CMR,1998,45.989
Cameroon,CMR,1999,46.289
Cameroon,CMR,2000,46.747
Cameroon,CMR,2001,47.75
Cameroon,CMR,2002,48.363
Cameroon,CMR,2003,49.388
Cameroon,CMR,2004,50.209
Cameroon,CMR,2005,50.903
Cameroon,CMR,2006,51.82
Cameroon,CMR,2007,52.338
Cameroon,CMR,2008,52.471
Cameroon,CMR,2009,52.658
Cameroon,CMR,2010,52.434
Cameroon,CMR,2011,53.496
Cameroon,CMR,2012,54.696
Cameroon,CMR,2013,56.441
Cameroon,CMR,2014,57.681
Cameroon,CMR,2015,60.723
Cameroon,CMR,2016,62.619
Cameroon,CMR,2017,65.037
Cameroon,CMR,2018,67.844
Cameroon,CMR,2019,70.639
Cabo Verde,CPV,1990,19.106
Cabo Verde,CPV,1991,19.41
Cabo Verde,CPV,1992,19.585
Cabo Verde,CPV,1993,19.763
Cabo Verde,CPV,1994,20.055
Cabo Verde,CPV,1995,20.309
Cabo Verde,CPV,1996,20.827
Cabo Verde,CPV,1997,22.31
Cabo Verde,CPV,1998,23.18
Cabo Verde,CPV,1999,24.085
Cabo Verde,CPV,2000,24.024
Cabo Verde,CPV,2001,27.421
Cabo Verde,CPV,2002,27.137
Cabo Verde,CPV,2003,29.621
Cabo Verde,CPV,2004,30.852
Cabo Verde,CPV,2005,32.681
Cabo Verde,CPV,2006,34.298
Cabo Verde,CPV,2007,35.556
Cabo Verde,CPV,2008,36.093
Cabo Verde,CPV,2009,37.016
Cabo Verde,CPV,2010,39.648
Cabo Verde,CPV,2011,42.636
Cabo Verde,CPV,2012,43.151
Cabo Verde,CPV,2013,44.624
Cabo Verde,CPV,2014,46.34
Cabo Verde,CPV,2015,47.055
Cabo Verde,CPV,2016,47.619
Cabo Verde,CPV,2017,49.583
Cabo Verde,CPV,2018,51.562
Cabo Verde,CPV,2019,53.507
Chad,TCD,1990,12.296
Chad,TCD,1991,12.364
Chad,TCD,1992,12.578
Chad,TCD,1993,12.744
Chad,TCD,1994,12.91
Chad,TCD,1995,13.017
Chad,TCD,1996,12.605
Chad,TCD,1997,12.992
Chad,TCD,1998,13.082
Chad,TCD,1999,13.35
Chad,TCD,2000,13.252
Chad,TCD,2001,13.32
Chad,TCD,2002,13.559
Chad,TCD,2003,13.613
Chad,TCD,2004,14.056
Chad,TCD,2005,14.176
Chad,TCD,2006,13.903
Chad,TCD,2007,13.629
Chad,TCD,2008,13.542
Chad,TCD,2009,13.43
Chad,TCD,2010,13.759
Chad,TCD,2011,13.804
Chad,TCD,2012,14.01
Chad,TCD,2013,15.092
Chad,TCD,2014,15.118
Chad,TCD,2015,15.214
Chad,TCD,2016,15.7
Chad,TCD,2017,15.807
Chad,TCD,2018,16.123
Chad,TCD,2019,16.422
Cte dIvoire,CIV,1990,24.328
Cte dIvoire,CIV,1991,24.445
Cte dIvoire,CIV,1992,24.499
Cte dIvoire,CIV,1993,24.633
Cte dIvoire,CIV,1994,24.826
Cte dIvoire,CIV,1995,25.013
Cte dIvoire,CIV,1996,24.721
Cte dIvoire,CIV,1997,24.517
Cte dIvoire,CIV,1998,24.949
Cte dIvoire,CIV,1999,25.375
Cte dIvoire,CIV,2000,25.298
Cte dIvoire,CIV,2001,25.709
Cte dIvoire,CIV,2002,26.493
Cte dIvoire,CIV,2003,26.642
Cte dIvoire,CIV,2004,26.905
Cte dIvoire,CIV,2005,27.129
Cte dIvoire,CIV,2006,27.606
Cte dIvoire,CIV,2007,27.53
Cte dIvoire,CIV,2008,28.273
Cte dIvoire,CIV,2009,28.141
Cte dIvoire,CIV,2010,29.055
Cte dIvoire,CIV,2011,28.709
Cte dIvoire,CIV,2012,28.952
Cte dIvoire,CIV,2013,29.482
Cte dIvoire,CIV,2014,30.129
Cte dIvoire,CIV,2015,30.132
Cte dIvoire,CIV,2016,31.353
Cte dIvoire,CIV,2017,32.024
Cte dIvoire,CIV,2018,32.971
Cte dIvoire,CIV,2019,33.937
"Gambia, The",GMB,1990,20.581
"Gambia, The",GMB,1991,20.721
"Gambia, The",GMB,1992,20.828
"Gambia, The",GMB,1993,20.917
"Gambia, The",GMB,1994,20.996
"Gambia, The",GMB,1995,21.018
"Gambia, The",GMB,1996,21.026
"Gambia, The",GMB,1997,21.076
"Gambia, The",GMB,1998,21.353
"Gambia, The",GMB,1999,21.458
"Gambia, The",GMB,2000,21.252
"Gambia, The",GMB,2001,21.101
"Gambia, The",GMB,2002,22.121
"Gambia, The",GMB,2003,22.787
"Gambia, The",GMB,2004,24.542
"Gambia, The",GMB,2005,24.774
"Gambia, The",GMB,2006,23.128
"Gambia, The",GMB,2007,23.01
"Gambia, The",GMB,2008,22.661
"Gambia, The",GMB,2009,23.09
"Gambia, The",GMB,2010,24.293
"Gambia, The",GMB,2011,24.463
"Gambia, The",GMB,2012,24.626
"Gambia, The",GMB,2013,26.078
"Gambia, The",GMB,2014,25.949
"Gambia, The",GMB,2015,26.35
"Gambia, The",GMB,2016,27.121
"Gambia, The",GMB,2017,27.681
"Gambia, The",GMB,2018,28.606
"Gambia, The",GMB,2019,29.587
Ghana,GHA,1990,27.918
Ghana,GHA,1991,28.765
Ghana,GHA,1992,29.537
Ghana,GHA,1993,30.29
Ghana,GHA,1994,31.09
Ghana,GHA,1995,31.885
Ghana,GHA,1996,32.764
Ghana,GHA,1997,34.341
Ghana,GHA,1998,34.191
Ghana,GHA,1999,35.081
Ghana,GHA,2000,35.698
Ghana,GHA,2001,36.795
Ghana,GHA,2002,37.125
Ghana,GHA,2003,38.082
Ghana,GHA,2004,39.522
Ghana,GHA,2005,40.218
Ghana,GHA,2006,40.055
Ghana,GHA,2007,40.056
Ghana,GHA,2008,40.768
Ghana,GHA,2009,41.542
Ghana,GHA,2010,42.063
Ghana,GHA,2011,43.654
Ghana,GHA,2012,45.257
Ghana,GHA,2013,46.192
Ghana,GHA,2014,45.715
Ghana,GHA,2015,46.767
Ghana,GHA,2016,47.571
Ghana,GHA,2017,49.37
Ghana,GHA,2018,51.009
Ghana,GHA,2019,52.765
Guinea,GIN,1990,8.216
Guinea,GIN,1991,8.284
Guinea,GIN,1992,8.473
Guinea,GIN,1993,8.627
Guinea,GIN,1994,8.772
Guinea,GIN,1995,8.899
Guinea,GIN,1996,8.769
Guinea,GIN,1997,9.113
Guinea,GIN,1998,9.264
Guinea,GIN,1999,9.267
Guinea,GIN,2000,9.544
Guinea,GIN,2001,9.908
Guinea,GIN,2002,9.921
Guinea,GIN,2003,9.798
Guinea,GIN,2004,9.883
Guinea,GIN,2005,10.172
Guinea,GIN,2006,10.503
Guinea,GIN,2007,10.414
Guinea,GIN,2008,10.61
Guinea,GIN,2009,10.511
Guinea,GIN,2010,10.851
Guinea,GIN,2011,11.176
Guinea,GIN,2012,11.532
Guinea,GIN,2013,11.488
Guinea,GIN,2014,13.031
Guinea,GIN,2015,13.489
Guinea,GIN,2016,13.285
Guinea,GIN,2017,13.132
Guinea,GIN,2018,13.519
Guinea,GIN,2019,13.914
Guinea-Bissau,GNB,1990,17.09
Guinea-Bissau,GNB,1991,17.154
Guinea-Bissau,GNB,1992,17.439
Guinea-Bissau,GNB,1993,17.522
Guinea-Bissau,GNB,1994,17.834
Guinea-Bissau,GNB,1995,18.006
Guinea-Bissau,GNB,1996,16.307
Guinea-Bissau,GNB,1997,16.988
Guinea-Bissau,GNB,1998,17.726
Guinea-Bissau,GNB,1999,16.89
Guinea-Bissau,GNB,2000,18.631
Guinea-Bissau,GNB,2001,19.83
Guinea-Bissau,GNB,2002,19.543
Guinea-Bissau,GNB,2003,19.689
Guinea-Bissau,GNB,2004,20.583
Guinea-Bissau,GNB,2005,21.127
Guinea-Bissau,GNB,2006,21.629
Guinea-Bissau,GNB,2007,22.101
Guinea-Bissau,GNB,2008,21.24
Guinea-Bissau,GNB,2009,21.594
Guinea-Bissau,GNB,2010,23.385
Guinea-Bissau,GNB,2011,21.045
Guinea-Bissau,GNB,2012,22.587
Guinea-Bissau,GNB,2013,24.972
Guinea-Bissau,GNB,2014,22.794
Guinea-Bissau,GNB,2015,24.855
Guinea-Bissau,GNB,2016,25.151
Guinea-Bissau,GNB,2017,25.821
Guinea-Bissau,GNB,2018,26.67
Guinea-Bissau,GNB,2019,27.522
Liberia,LBR,1990,12.321
Liberia,LBR,1991,12.31
Liberia,LBR,1992,12.255
Liberia,LBR,1993,12.18
Liberia,LBR,1994,12.091
Liberia,LBR,1995,12.009
Liberia,LBR,1996,11.522
Liberia,LBR,1997,12.217
Liberia,LBR,1998,12.879
Liberia,LBR,1999,13.321
Liberia,LBR,2000,14.899
Liberia,LBR,2001,14.445
Liberia,LBR,2002,15.014
Liberia,LBR,2003,15.908
Liberia,LBR,2004,17.952
Liberia,LBR,2005,18.863
Liberia,LBR,2006,20.04
Liberia,LBR,2007,20.614
Liberia,LBR,2008,24.005
Liberia,LBR,2009,27.039
Liberia,LBR,2010,28.32
Liberia,LBR,2011,29.493
Liberia,LBR,2012,31.728
Liberia,LBR,2013,32.593
Liberia,LBR,2014,40.611
Liberia,LBR,2015,46.224
Liberia,LBR,2016,36.845
Liberia,LBR,2017,38.204
Liberia,LBR,2018,39.582
Liberia,LBR,2019,40.975
Mali,MLI,1990,14.407
Mali,MLI,1991,14.349
Mali,MLI,1992,14.253
Mali,MLI,1993,14.193
Mali,MLI,1994,14.172
Mali,MLI,1995,14.229
Mali,MLI,1996,14.726
Mali,MLI,1997,15.187
Mali,MLI,1998,14.689
Mali,MLI,1999,15.136
Mali,MLI,2000,15.342
Mali,MLI,2001,15.843
Mali,MLI,2002,15.297
Mali,MLI,2003,16.289
Mali,MLI,2004,16.649
Mali,MLI,2005,17.545
Mali,MLI,2006,18.071
Mali,MLI,2007,18.205
Mali,MLI,2008,18.357
Mali,MLI,2009,18.12
Mali,MLI,2010,18.72
Mali,MLI,2011,18.342
Mali,MLI,2012,18.477
Mali,MLI,2013,18.743
Mali,MLI,2014,19.079
Mali,MLI,2015,19.606
Mali,MLI,2016,20.125
Mali,MLI,2017,20.504
Mali,MLI,2018,20.977
Mali,MLI,2019,21.438
Mauritania,MRT,1990,19.91
Mauritania,MRT,1991,20.079
Mauritania,MRT,1992,20.109
Mauritania,MRT,1993,20.13
Mauritania,MRT,1994,20.196
Mauritania,MRT,1995,20.284
Mauritania,MRT,1996,20.488
Mauritania,MRT,1997,19.967
Mauritania,MRT,1998,20.353
Mauritania,MRT,1999,20.364
Mauritania,MRT,2000,20.492
Mauritania,MRT,2001,20.272
Mauritania,MRT,2002,20.61
Mauritania,MRT,2003,20.725
Mauritania,MRT,2004,20.598
Mauritania,MRT,2005,20.23
Mauritania,MRT,2006,20.69
Mauritania,MRT,2007,21.219
Mauritania,MRT,2008,21.338
Mauritania,MRT,2009,21.291
Mauritania,MRT,2010,21.078
Mauritania,MRT,2011,21.2
Mauritania,MRT,2012,21.358
Mauritania,MRT,2013,22.808
Mauritania,MRT,2014,24.396
Mauritania,MRT,2015,25.623
Mauritania,MRT,2016,26.594
Mauritania,MRT,2017,27.618
Mauritania,MRT,2018,28.678
Mauritania,MRT,2019,29.778
Niger,NER,1990,11.283
Niger,NER,1991,11.267
Niger,NER,1992,11.214
Niger,NER,1993,11.181
Niger,NER,1994,11.167
Niger,NER,1995,11.17
Niger,NER,1996,11.191
Niger,NER,1997,11.116
Niger,NER,1998,11.185
Niger,NER,1999,10.909
Niger,NER,2000,11.011
Niger,NER,2001,11.177
Niger,NER,2002,11.545
Niger,NER,2003,12.231
Niger,NER,2004,12.49
Niger,NER,2005,12.93
Niger,NER,2006,13.802
Niger,NER,2007,13.759
Niger,NER,2008,14.21
Niger,NER,2009,14.096
Niger,NER,2010,14.284
Niger,NER,2011,14.363
Niger,NER,2012,14.032
Niger,NER,2013,14.362
Niger,NER,2014,14.721
Niger,NER,2015,14.903
Niger,NER,2016,15.237
Niger,NER,2017,15.452
Niger,NER,2018,15.694
Niger,NER,2019,15.928
Nigeria,NGA,1990,20.8
Nigeria,NGA,1991,20.983
Nigeria,NGA,1992,21.11
Nigeria,NGA,1993,21.22
Nigeria,NGA,1994,21.606
Nigeria,NGA,1995,21.941
Nigeria,NGA,1996,22.317
Nigeria,NGA,1997,22.649
Nigeria,NGA,1998,23.218
Nigeria,NGA,1999,23.229
Nigeria,NGA,2000,23.54
Nigeria,NGA,2001,23.752
Nigeria,NGA,2002,25.649
Nigeria,NGA,2003,28.899
Nigeria,NGA,2004,31.326
Nigeria,NGA,2005,32.627
Nigeria,NGA,2006,34.008
Nigeria,NGA,2007,34.511
Nigeria,NGA,2008,34.844
Nigeria,NGA,2009,34.974
Nigeria,NGA,2010,34.401
Nigeria,NGA,2011,33.953
Nigeria,NGA,2012,33.961
Nigeria,NGA,2013,33.841
Nigeria,NGA,2014,33.699
Nigeria,NGA,2015,34.416
Nigeria,NGA,2016,34.554
Nigeria,NGA,2017,35.065
Nigeria,NGA,2018,35.66
Nigeria,NGA,2019,36.329
So Tom and Prncipe,STP,1990,21.742
So Tom and Prncipe,STP,1991,21.816
So Tom and Prncipe,STP,1992,21.02
So Tom and Prncipe,STP,1993,20.265
So Tom and Prncipe,STP,1994,19.647
So Tom and Prncipe,STP,1995,19.067
So Tom and Prncipe,STP,1996,18.52
So Tom and Prncipe,STP,1997,17.581
So Tom and Prncipe,STP,1998,17.679
So Tom and Prncipe,STP,1999,20.487
So Tom and Prncipe,STP,2000,19.327
So Tom and Prncipe,STP,2001,18.022
So Tom and Prncipe,STP,2002,17.813
So Tom and Prncipe,STP,2003,17.118
So Tom and Prncipe,STP,2004,16.915
So Tom and Prncipe,STP,2005,17.343
So Tom and Prncipe,STP,2006,17.113
So Tom and Prncipe,STP,2007,16.773
So Tom and Prncipe,STP,2008,18.758
So Tom and Prncipe,STP,2009,17.377
So Tom and Prncipe,STP,2010,18.632
So Tom and Prncipe,STP,2011,20.932
So Tom and Prncipe,STP,2012,20.688
So Tom and Prncipe,STP,2013,24.576
So Tom and Prncipe,STP,2014,25.556
So Tom and Prncipe,STP,2015,26.229
So Tom and Prncipe,STP,2016,27.802
So Tom and Prncipe,STP,2017,28.943
So Tom and Prncipe,STP,2018,30.432
So Tom and Prncipe,STP,2019,31.885
Senegal,SEN,1990,17.443
Senegal,SEN,1991,17.604
Senegal,SEN,1992,17.73
Senegal,SEN,1993,17.887
Senegal,SEN,1994,18.071
Senegal,SEN,1995,18.28
Senegal,SEN,1996,18.231
Senegal,SEN,1997,18.904
Senegal,SEN,1998,19.369
Senegal,SEN,1999,19.603
Senegal,SEN,2000,19.771
Senegal,SEN,2001,20.514
Senegal,SEN,2002,20.437
Senegal,SEN,2003,21.196
Senegal,SEN,2004,21.227
Senegal,SEN,2005,20.67
Senegal,SEN,2006,20.392
Senegal,SEN,2007,19.415
Senegal,SEN,2008,19.623
Senegal,SEN,2009,19.765
Senegal,SEN,2010,19.582
Senegal,SEN,2011,19.674
Senegal,SEN,2012,20.007
Senegal,SEN,2013,19.84
Senegal,SEN,2014,20.197
Senegal,SEN,2015,20.363
Senegal,SEN,2016,20.702
Senegal,SEN,2017,21.303
Senegal,SEN,2018,21.918
Senegal,SEN,2019,22.574
Sierra Leone,SLE,1990,20.952
Sierra Leone,SLE,1991,20.761
Sierra Leone,SLE,1992,20.536
Sierra Leone,SLE,1993,20.312
Sierra Leone,SLE,1994,20.16
Sierra Leone,SLE,1995,20.026
Sierra Leone,SLE,1996,19.347
Sierra Leone,SLE,1997,18.453
Sierra Leone,SLE,1998,18.094
Sierra Leone,SLE,1999,17.574
Sierra Leone,SLE,2000,18.318
Sierra Leone,SLE,2001,18.167
Sierra Leone,SLE,2002,18.596
Sierra Leone,SLE,2003,19.231
Sierra Leone,SLE,2004,19.459
Sierra Leone,SLE,2005,19.773
Sierra Leone,SLE,2006,19.727
Sierra Leone,SLE,2007,20.207
Sierra Leone,SLE,2008,20.981
Sierra Leone,SLE,2009,21.092
Sierra Leone,SLE,2010,21.896
Sierra Leone,SLE,2011,22.83
Sierra Leone,SLE,2012,23.925
Sierra Leone,SLE,2013,25.231
Sierra Leone,SLE,2014,27.774
Sierra Leone,SLE,2015,29.848
Sierra Leone,SLE,2016,28.757
Sierra Leone,SLE,2017,29.304
Sierra Leone,SLE,2018,30.32
Sierra Leone,SLE,2019,31.345
Togo,TGO,1990,21.676
Togo,TGO,1991,21.961
Togo,TGO,1992,22.118
Togo,TGO,1993,22.249
Togo,TGO,1994,22.242
Togo,TGO,1995,22.869
Togo,TGO,1996,25.068
Togo,TGO,1997,23.767
Togo,TGO,1998,24.69
Togo,TGO,1999,24.091
Togo,TGO,2000,24.307
Togo,TGO,2001,24.101
Togo,TGO,2002,24.277
Togo,TGO,2003,25.526
Togo,TGO,2004,25.726
Togo,TGO,2005,26.001
Togo,TGO,2006,26.014
Togo,TGO,2007,26.665
Togo,TGO,2008,26.923
Togo,TGO,2009,27.69
Togo,TGO,2010,28.635
Togo,TGO,2011,29.149
Togo,TGO,2012,28.086
Togo,TGO,2013,29.196
Togo,TGO,2014,29.167
Togo,TGO,2015,29.561
Togo,TGO,2016,30.992
Togo,TGO,2017,32.252
Togo,TGO,2018,33.406
Togo,TGO,2019,34.615
South Sudan,SSD,1990,16.925
South Sudan,SSD,1991,16.974
South Sudan,SSD,1992,17.035
South Sudan,SSD,1993,17.089
South Sudan,SSD,1994,17.147
South Sudan,SSD,1995,17.242
South Sudan,SSD,1996,17.308
South Sudan,SSD,1997,17.346
South Sudan,SSD,1998,17.431
South Sudan,SSD,1999,17.51
South Sudan,SSD,2000,17.607
South Sudan,SSD,2001,17.688
South Sudan,SSD,2002,17.811
South Sudan,SSD,2003,17.958
South Sudan,SSD,2004,18.147
South Sudan,SSD,2005,18.36
South Sudan,SSD,2006,18.551
South Sudan,SSD,2007,18.715
South Sudan,SSD,2008,19.063
South Sudan,SSD,2009,19.364
South Sudan,SSD,2010,19.668
South Sudan,SSD,2011,19.819
South Sudan,SSD,2012,19.922
South Sudan,SSD,2013,20.154
South Sudan,SSD,2014,19.945
South Sudan,SSD,2015,20.282
South Sudan,SSD,2016,20.959
South Sudan,SSD,2017,22.062
South Sudan,SSD,2018,22.599
South Sudan,SSD,2019,23.129
Sudan,SDN,1990,10.132
Sudan,SDN,1991,10.088
Sudan,SDN,1992,10.17
Sudan,SDN,1993,10.642
Sudan,SDN,1994,10.891
Sudan,SDN,1995,11.208
Sudan,SDN,1996,11.511
Sudan,SDN,1997,11.801
Sudan,SDN,1998,12.021
Sudan,SDN,1999,12.129
Sudan,SDN,2000,12.16
Sudan,SDN,2001,12.344
Sudan,SDN,2002,12.815
Sudan,SDN,2003,13.467
Sudan,SDN,2004,14.135
Sudan,SDN,2005,14.835
Sudan,SDN,2006,16.007
Sudan,SDN,2007,17.225
Sudan,SDN,2008,18.064
Sudan,SDN,2009,19.065
Sudan,SDN,2010,19.534
Sudan,SDN,2011,20.666
Sudan,SDN,2012,21.711
Sudan,SDN,2013,22.783
Sudan,SDN,2014,23.636
Sudan,SDN,2015,25.426
Sudan,SDN,2016,26.949
Sudan,SDN,2017,28.333
Sudan,SDN,2018,29.949
Sudan,SDN,2019,31.539
