Id,IndicatorCode,SpatialDimension,SpatialDimensionValueCode,TimeDimension,TimeDim,DisaggregatingDimension1,DisaggregatingDimension1ValueCode,DisaggregatingDimension2,DisaggregatingDimension2ValueCode,DisaggregatingDimension3,DisaggregatingDimension3ValueCode,DataSourceDimension,DataSourceDimensionValueCode,Value,NumericValue,Low,High,Comments,Date,TimeDimensionValue,TimeDimensionBegin,TimeDimensionEnd
27601373,UHC_AVAILABILITY_SCORE,COUNTRY,AFG,YEAR,2019,,,,,,,,,89,88.88889,,,,2021-11-19T15:21:45Z,2015-2019,2015-01-01,2019-12-31
27601404,UHC_AVAILABILITY_SCORE,COUNTRY,AGO,YEAR,2019,,,,,,,,,69,69.44444,,,,2021-11-19T15:21:46Z,2015-2019,2015-01-01,2019-12-31
27601435,UHC_AVAILABILITY_SCORE,COUNTRY,ALB,YEAR,2019,,,,,,,,,80,79.86111,,,,2021-11-19T15:21:47Z,2015-2019,2015-01-01,2019-12-31
27601466,UHC_AVAILABILITY_SCORE,COUNTRY,AND,YEAR,2019,,,,,,,,,31,31.25,,,,2021-11-19T15:21:48Z,2015-2019,2015-01-01,2019-12-31
27601497,UHC_AVAILABILITY_SCORE,COUNTRY,ARE,YEAR,2019,,,,,,,,,71,70.83333,,,,2021-11-19T15:21:49Z,2015-2019,2015-01-01,2019-12-31
27601528,UHC_AVAILABILITY_SCORE,COUNTRY,ARG,YEAR,2019,,,,,,,,,73,72.91667,,,,2021-11-19T15:21:49Z,2015-2019,2015-01-01,2019-12-31
27601559,UHC_AVAILABILITY_SCORE,COUNTRY,ARM,YEAR,2019,,,,,,,,,92,91.66667,,,,2021-11-19T15:21:50Z,2015-2019,2015-01-01,2019-12-31
27601590,UHC_AVAILABILITY_SCORE,COUNTRY,ATG,YEAR,2019,,,,,,,,,43,43.05556,,,,2021-11-19T15:21:51Z,2015-2019,2015-01-01,2019-12-31
27601621,UHC_AVAILABILITY_SCORE,COUNTRY,AUS,YEAR,2019,,,,,,,,,77,77.08333,,,,2021-11-19T15:21:51Z,2015-2019,2015-01-01,2019-12-31
27601652,UHC_AVAILABILITY_SCORE,COUNTRY,AUT,YEAR,2019,,,,,,,,,56,56.25,,,,2021-11-19T15:21:52Z,2015-2019,2015-01-01,2019-12-31
27601683,UHC_AVAILABILITY_SCORE,COUNTRY,AZE,YEAR,2019,,,,,,,,,65,64.58333,,,,2021-11-19T15:21:53Z,2015-2019,2015-01-01,2019-12-31
27601714,UHC_AVAILABILITY_SCORE,COUNTRY,BDI,YEAR,2019,,,,,,,,,72,72.22222,,,,2021-11-19T15:21:54Z,2015-2019,2015-01-01,2019-12-31
27601745,UHC_AVAILABILITY_SCORE,COUNTRY,BEL,YEAR,2019,,,,,,,,,71,70.83333,,,,2021-11-19T15:21:54Z,2015-2019,2015-01-01,2019-12-31
27601776,UHC_AVAILABILITY_SCORE,COUNTRY,BEN,YEAR,2019,,,,,,,,,92,91.66667,,,,2021-11-19T15:21:55Z,2015-2019,2015-01-01,2019-12-31
27601807,UHC_AVAILABILITY_SCORE,COUNTRY,BFA,YEAR,2019,,,,,,,,,60,60.41667,,,,2021-11-19T15:21:56Z,2015-2019,2015-01-01,2019-12-31
27601838,UHC_AVAILABILITY_SCORE,COUNTRY,BGD,YEAR,2019,,,,,,,,,83,83.33333,,,,2021-11-19T15:21:56Z,2015-2019,2015-01-01,2019-12-31
27601869,UHC_AVAILABILITY_SCORE,COUNTRY,BGR,YEAR,2019,,,,,,,,,56,56.25,,,,2021-11-19T15:21:57Z,2015-2019,2015-01-01,2019-12-31
27601900,UHC_AVAILABILITY_SCORE,COUNTRY,BHR,YEAR,2019,,,,,,,,,48,47.91667,,,,2021-11-19T15:21:58Z,2015-2019,2015-01-01,2019-12-31
27601931,UHC_AVAILABILITY_SCORE,COUNTRY,BHS,YEAR,2019,,,,,,,,,53,53.47222,,,,2021-11-19T15:21:59Z,2015-2019,2015-01-01,2019-12-31
27601962,UHC_AVAILABILITY_SCORE,COUNTRY,BIH,YEAR,2019,,,,,,,,,37,36.80556,,,,2021-11-19T15:21:59Z,2015-2019,2015-01-01,2019-12-31
27601993,UHC_AVAILABILITY_SCORE,COUNTRY,BLR,YEAR,2019,,,,,,,,,85,85.41667,,,,2021-11-19T15:22:00Z,2015-2019,2015-01-01,2019-12-31
27602024,UHC_AVAILABILITY_SCORE,COUNTRY,BLZ,YEAR,2019,,,,,,,,,81,80.55556,,,,2021-11-19T15:22:01Z,2015-2019,2015-01-01,2019-12-31
27602055,UHC_AVAILABILITY_SCORE,COUNTRY,BOL,YEAR,2019,,,,,,,,,83,83.33333,,,,2021-11-19T15:22:02Z,2015-2019,2015-01-01,2019-12-31
27602086,UHC_AVAILABILITY_SCORE,COUNTRY,BRA,YEAR,2019,,,,,,,,,79,79.16667,,,,2021-11-19T15:22:03Z,2015-2019,2015-01-01,2019-12-31
27602117,UHC_AVAILABILITY_SCORE,COUNTRY,BRB,YEAR,2019,,,,,,,,,40,40.27778,,,,2021-11-19T15:22:03Z,2015-2019,2015-01-01,2019-12-31
27602148,UHC_AVAILABILITY_SCORE,COUNTRY,BRN,YEAR,2019,,,,,,,,,63,62.5,,,,2021-11-19T15:22:04Z,2015-2019,2015-01-01,2019-12-31
27602179,UHC_AVAILABILITY_SCORE,COUNTRY,BTN,YEAR,2019,,,,,,,,,68,68.05556,,,,2021-11-19T15:22:05Z,2015-2019,2015-01-01,2019-12-31
27602210,UHC_AVAILABILITY_SCORE,COUNTRY,BWA,YEAR,2019,,,,,,,,,62,61.80556,,,,2021-11-19T15:22:05Z,2015-2019,2015-01-01,2019-12-31
27602241,UHC_AVAILABILITY_SCORE,COUNTRY,CAF,YEAR,2019,,,,,,,,,69,69.44444,,,,2021-11-19T15:22:06Z,2015-2019,2015-01-01,2019-12-31
27602272,UHC_AVAILABILITY_SCORE,COUNTRY,CAN,YEAR,2019,,,,,,,,,73,72.91667,,,,2021-11-19T15:22:06Z,2015-2019,2015-01-01,2019-12-31
27602303,UHC_AVAILABILITY_SCORE,COUNTRY,CHE,YEAR,2019,,,,,,,,,71,70.83333,,,,2021-11-19T15:22:07Z,2015-2019,2015-01-01,2019-12-31
27602334,UHC_AVAILABILITY_SCORE,COUNTRY,CHL,YEAR,2019,,,,,,,,,79,79.16667,,,,2021-11-19T15:22:07Z,2015-2019,2015-01-01,2019-12-31
27602365,UHC_AVAILABILITY_SCORE,COUNTRY,CHN,YEAR,2019,,,,,,,,,68,68.05556,,,,2021-11-19T15:22:08Z,2015-2019,2015-01-01,2019-12-31
27602396,UHC_AVAILABILITY_SCORE,COUNTRY,CIV,YEAR,2019,,,,,,,,,61,61.11111,,,,2021-11-19T15:22:09Z,2015-2019,2015-01-01,2019-12-31
27602427,UHC_AVAILABILITY_SCORE,COUNTRY,CMR,YEAR,2019,,,,,,,,,78,77.77778,,,,2021-11-19T15:22:09Z,2015-2019,2015-01-01,2019-12-31
27602458,UHC_AVAILABILITY_SCORE,COUNTRY,COD,YEAR,2019,,,,,,,,,67,66.66667,,,,2021-11-19T15:22:10Z,2015-2019,2015-01-01,2019-12-31
27602489,UHC_AVAILABILITY_SCORE,COUNTRY,COG,YEAR,2019,,,,,,,,,69,69.44444,,,,2021-11-19T15:22:10Z,2015-2019,2015-01-01,2019-12-31
27602520,UHC_AVAILABILITY_SCORE,COUNTRY,COK,YEAR,2019,,,,,,,,,51,50.69444,,,,2021-11-19T15:22:11Z,2015-2019,2015-01-01,2019-12-31
27602551,UHC_AVAILABILITY_SCORE,COUNTRY,COL,YEAR,2019,,,,,,,,,85,85.41667,,,,2021-11-19T15:22:11Z,2015-2019,2015-01-01,2019-12-31
27602582,UHC_AVAILABILITY_SCORE,COUNTRY,COM,YEAR,2019,,,,,,,,,30,29.86111,,,,2021-11-19T15:22:12Z,2015-2019,2015-01-01,2019-12-31
27602613,UHC_AVAILABILITY_SCORE,COUNTRY,CPV,YEAR,2019,,,,,,,,,77,77.08333,,,,2021-11-19T15:22:12Z,2015-2019,2015-01-01,2019-12-31
27602644,UHC_AVAILABILITY_SCORE,COUNTRY,CRI,YEAR,2019,,,,,,,,,83,83.33333,,,,2021-11-19T15:22:13Z,2015-2019,2015-01-01,2019-12-31
27602675,UHC_AVAILABILITY_SCORE,COUNTRY,CUB,YEAR,2019,,,,,,,,,81,80.55556,,,,2021-11-19T15:22:13Z,2015-2019,2015-01-01,2019-12-31
27602706,UHC_AVAILABILITY_SCORE,COUNTRY,CYP,YEAR,2019,,,,,,,,,56,56.25,,,,2021-11-19T15:22:14Z,2015-2019,2015-01-01,2019-12-31
27602737,UHC_AVAILABILITY_SCORE,COUNTRY,CZE,YEAR,2019,,,,,,,,,56,56.25,,,,2021-11-19T15:22:14Z,2015-2019,2015-01-01,2019-12-31
27602768,UHC_AVAILABILITY_SCORE,COUNTRY,DEU,YEAR,2019,,,,,,,,,65,64.58333,,,,2021-11-19T15:22:15Z,2015-2019,2015-01-01,2019-12-31
27602799,UHC_AVAILABILITY_SCORE,COUNTRY,DJI,YEAR,2019,,,,,,,,,42,41.66667,,,,2021-11-19T15:22:15Z,2015-2019,2015-01-01,2019-12-31
27602830,UHC_AVAILABILITY_SCORE,COUNTRY,DMA,YEAR,2019,,,,,,,,,40,40.27778,,,,2021-11-19T15:22:16Z,2015-2019,2015-01-01,2019-12-31
27602861,UHC_AVAILABILITY_SCORE,COUNTRY,DNK,YEAR,2019,,,,,,,,,73,72.91667,,,,2021-11-19T15:22:17Z,2015-2019,2015-01-01,2019-12-31
27602892,UHC_AVAILABILITY_SCORE,COUNTRY,DOM,YEAR,2019,,,,,,,,,53,53.47222,,,,2021-11-19T15:22:17Z,2015-2019,2015-01-01,2019-12-31
27602923,UHC_AVAILABILITY_SCORE,COUNTRY,DZA,YEAR,2019,,,,,,,,,85,85.41667,,,,2021-11-19T15:22:18Z,2015-2019,2015-01-01,2019-12-31
27602954,UHC_AVAILABILITY_SCORE,COUNTRY,ECU,YEAR,2019,,,,,,,,,67,67.36111,,,,2021-11-19T15:22:18Z,2015-2019,2015-01-01,2019-12-31
27602985,UHC_AVAILABILITY_SCORE,COUNTRY,EGY,YEAR,2019,,,,,,,,,73,72.91667,,,,2021-11-19T15:22:19Z,2015-2019,2015-01-01,2019-12-31
27603016,UHC_AVAILABILITY_SCORE,COUNTRY,ERI,YEAR,2019,,,,,,,,,44,43.75,,,,2021-11-19T15:22:19Z,2015-2019,2015-01-01,2019-12-31
27603047,UHC_AVAILABILITY_SCORE,COUNTRY,ESP,YEAR,2019,,,,,,,,,79,79.16667,,,,2021-11-19T15:22:20Z,2015-2019,2015-01-01,2019-12-31
27603078,UHC_AVAILABILITY_SCORE,COUNTRY,EST,YEAR,2019,,,,,,,,,71,70.83333,,,,2021-11-19T15:22:21Z,2015-2019,2015-01-01,2019-12-31
27603109,UHC_AVAILABILITY_SCORE,COUNTRY,ETH,YEAR,2019,,,,,,,,,86,86.11111,,,,2021-11-19T15:22:21Z,2015-2019,2015-01-01,2019-12-31
27603140,UHC_AVAILABILITY_SCORE,COUNTRY,FIN,YEAR,2019,,,,,,,,,71,70.83333,,,,2021-11-19T15:22:22Z,2015-2019,2015-01-01,2019-12-31
27603171,UHC_AVAILABILITY_SCORE,COUNTRY,FJI,YEAR,2019,,,,,,,,,53,53.47222,,,,2021-11-19T15:22:22Z,2015-2019,2015-01-01,2019-12-31
27603202,UHC_AVAILABILITY_SCORE,COUNTRY,FRA,YEAR,2019,,,,,,,,,71,70.83333,,,,2021-11-19T15:22:23Z,2015-2019,2015-01-01,2019-12-31
27603233,UHC_AVAILABILITY_SCORE,COUNTRY,FSM,YEAR,2019,,,,,,,,,34,34.02778,,,,2021-11-19T15:22:23Z,2015-2019,2015-01-01,2019-12-31
27603264,UHC_AVAILABILITY_SCORE,COUNTRY,GAB,YEAR,2019,,,,,,,,,42,41.66667,,,,2021-11-19T15:22:24Z,2015-2019,2015-01-01,2019-12-31
27603295,UHC_AVAILABILITY_SCORE,COUNTRY,GBR,YEAR,2019,,,,,,,,,65,64.58333,,,,2021-11-19T15:22:24Z,2015-2019,2015-01-01,2019-12-31
27603326,UHC_AVAILABILITY_SCORE,COUNTRY,GEO,YEAR,2019,,,,,,,,,85,85.41667,,,,2021-11-19T15:22:24Z,2015-2019,2015-01-01,2019-12-31
27603357,UHC_AVAILABILITY_SCORE,COUNTRY,GHA,YEAR,2019,,,,,,,,,81,80.55556,,,,2021-11-19T15:22:25Z,2015-2019,2015-01-01,2019-12-31
27603388,UHC_AVAILABILITY_SCORE,COUNTRY,GIN,YEAR,2019,,,,,,,,,72,72.22222,,,,2021-11-19T15:22:26Z,2015-2019,2015-01-01,2019-12-31
27603419,UHC_AVAILABILITY_SCORE,COUNTRY,GMB,YEAR,2019,,,,,,,,,81,80.55556,,,,2021-11-19T15:22:26Z,2015-2019,2015-01-01,2019-12-31
27603450,UHC_AVAILABILITY_SCORE,COUNTRY,GNB,YEAR,2019,,,,,,,,,72,72.22222,,,,2021-11-19T15:22:27Z,2015-2019,2015-01-01,2019-12-31
27603481,UHC_AVAILABILITY_SCORE,COUNTRY,GNQ,YEAR,2019,,,,,,,,,30,29.86111,,,,2021-11-19T15:22:27Z,2015-2019,2015-01-01,2019-12-31
27603512,UHC_AVAILABILITY_SCORE,COUNTRY,GRC,YEAR,2019,,,,,,,,,73,72.91667,,,,2021-11-19T15:22:28Z,2015-2019,2015-01-01,2019-12-31
27603543,UHC_AVAILABILITY_SCORE,COUNTRY,GRD,YEAR,2019,,,,,,,,,43,43.05556,,,,2021-11-19T15:22:28Z,2015-2019,2015-01-01,2019-12-31
27603574,UHC_AVAILABILITY_SCORE,COUNTRY,GTM,YEAR,2019,,,,,,,,,86,86.11111,,,,2021-11-19T15:22:28Z,2015-2019,2015-01-01,2019-12-31
27603605,UHC_AVAILABILITY_SCORE,COUNTRY,GUY,YEAR,2019,,,,,,,,,65,65.27778,,,,2021-11-19T15:22:29Z,2015-2019,2015-01-01,2019-12-31
27603636,UHC_AVAILABILITY_SCORE,COUNTRY,HND,YEAR,2019,,,,,,,,,53,53.47222,,,,2021-11-19T15:22:29Z,2015-2019,2015-01-01,2019-12-31
27603667,UHC_AVAILABILITY_SCORE,COUNTRY,HRV,YEAR,2019,,,,,,,,,79,79.16667,,,,2021-11-19T15:22:30Z,2015-2019,2015-01-01,2019-12-31
27603698,UHC_AVAILABILITY_SCORE,COUNTRY,HTI,YEAR,2019,,,,,,,,,89,88.88889,,,,2021-11-19T15:22:30Z,2015-2019,2015-01-01,2019-12-31
27603729,UHC_AVAILABILITY_SCORE,COUNTRY,HUN,YEAR,2019,,,,,,,,,56,56.25,,,,2021-11-19T15:22:31Z,2015-2019,2015-01-01,2019-12-31
27603760,UHC_AVAILABILITY_SCORE,COUNTRY,IDN,YEAR,2019,,,,,,,,,92,91.66667,,,,2021-11-19T15:22:31Z,2015-2019,2015-01-01,2019-12-31
27603791,UHC_AVAILABILITY_SCORE,COUNTRY,IND,YEAR,2019,,,,,,,,,86,86.11111,,,,2021-11-19T15:22:32Z,2015-2019,2015-01-01,2019-12-31
27603822,UHC_AVAILABILITY_SCORE,COUNTRY,IRL,YEAR,2019,,,,,,,,,65,64.58333,,,,2021-11-19T15:22:32Z,2015-2019,2015-01-01,2019-12-31
27603853,UHC_AVAILABILITY_SCORE,COUNTRY,IRN,YEAR,2019,,,,,,,,,65,64.58333,,,,2021-11-19T15:22:33Z,2015-2019,2015-01-01,2019-12-31
27603884,UHC_AVAILABILITY_SCORE,COUNTRY,IRQ,YEAR,2019,,,,,,,,,83,83.33333,,,,2021-11-19T15:22:33Z,2015-2019,2015-01-01,2019-12-31
27603915,UHC_AVAILABILITY_SCORE,COUNTRY,ISL,YEAR,2019,,,,,,,,,71,70.83333,,,,2021-11-19T15:22:34Z,2015-2019,2015-01-01,2019-12-31
27603946,UHC_AVAILABILITY_SCORE,COUNTRY,ISR,YEAR,2019,,,,,,,,,65,64.58333,,,,2021-11-19T15:22:34Z,2015-2019,2015-01-01,2019-12-31
27603977,UHC_AVAILABILITY_SCORE,COUNTRY,ITA,YEAR,2019,,,,,,,,,79,79.16667,,,,2021-11-19T15:22:35Z,2015-2019,2015-01-01,2019-12-31
27604008,UHC_AVAILABILITY_SCORE,COUNTRY,JAM,YEAR,2019,,,,,,,,,62,61.80556,,,,2021-11-19T15:22:35Z,2015-2019,2015-01-01,2019-12-31
27604039,UHC_AVAILABILITY_SCORE,COUNTRY,JOR,YEAR,2019,,,,,,,,,89,88.88889,,,,2021-11-19T15:22:36Z,2015-2019,2015-01-01,2019-12-31
27604070,UHC_AVAILABILITY_SCORE,COUNTRY,JPN,YEAR,2019,,,,,,,,,63,62.5,,,,2021-11-19T15:22:36Z,2015-2019,2015-01-01,2019-12-31
27604101,UHC_AVAILABILITY_SCORE,COUNTRY,KAZ,YEAR,2019,,,,,,,,,85,85.41667,,,,2021-11-19T15:22:37Z,2015-2019,2015-01-01,2019-12-31
27604132,UHC_AVAILABILITY_SCORE,COUNTRY,KEN,YEAR,2019,,,,,,,,,85,85.41667,,,,2021-11-19T15:22:37Z,2015-2019,2015-01-01,2019-12-31
27604163,UHC_AVAILABILITY_SCORE,COUNTRY,KGZ,YEAR,2019,,,,,,,,,60,60.41667,,,,2021-11-19T15:22:38Z,2015-2019,2015-01-01,2019-12-31
27604194,UHC_AVAILABILITY_SCORE,COUNTRY,KHM,YEAR,2019,,,,,,,,,53,53.47222,,,,2021-11-19T15:22:38Z,2015-2019,2015-01-01,2019-12-31
27604225,UHC_AVAILABILITY_SCORE,COUNTRY,KIR,YEAR,2019,,,,,,,,,81,80.55556,,,,2021-11-19T15:22:39Z,2015-2019,2015-01-01,2019-12-31
27604256,UHC_AVAILABILITY_SCORE,COUNTRY,KNA,YEAR,2019,,,,,,,,,37,36.80556,,,,2021-11-19T15:22:40Z,2015-2019,2015-01-01,2019-12-31
27604287,UHC_AVAILABILITY_SCORE,COUNTRY,KOR,YEAR,2019,,,,,,,,,63,62.5,,,,2021-11-19T15:22:40Z,2015-2019,2015-01-01,2019-12-31
27604318,UHC_AVAILABILITY_SCORE,COUNTRY,KWT,YEAR,2019,,,,,,,,,37,36.80556,,,,2021-11-19T15:22:40Z,2015-2019,2015-01-01,2019-12-31
27604349,UHC_AVAILABILITY_SCORE,COUNTRY,LAO,YEAR,2019,,,,,,,,,81,80.55556,,,,2021-11-19T15:22:41Z,2015-2019,2015-01-01,2019-12-31
27604380,UHC_AVAILABILITY_SCORE,COUNTRY,LBN,YEAR,2019,,,,,,,,,71,70.83333,,,,2021-11-19T15:22:41Z,2015-2019,2015-01-01,2019-12-31
27604411,UHC_AVAILABILITY_SCORE,COUNTRY,LBR,YEAR,2019,,,,,,,,,64,63.88889,,,,2021-11-19T15:22:42Z,2015-2019,2015-01-01,2019-12-31
27604442,UHC_AVAILABILITY_SCORE,COUNTRY,LBY,YEAR,2019,,,,,,,,,42,42.36111,,,,2021-11-19T15:22:42Z,2015-2019,2015-01-01,2019-12-31
27604473,UHC_AVAILABILITY_SCORE,COUNTRY,LCA,YEAR,2019,,,,,,,,,45,45.13889,,,,2021-11-19T15:22:43Z,2015-2019,2015-01-01,2019-12-31
27604504,UHC_AVAILABILITY_SCORE,COUNTRY,LKA,YEAR,2019,,,,,,,,,77,77.08333,,,,2021-11-19T15:22:43Z,2015-2019,2015-01-01,2019-12-31
27604535,UHC_AVAILABILITY_SCORE,COUNTRY,LSO,YEAR,2019,,,,,,,,,67,66.66667,,,,2021-11-19T15:22:44Z,2015-2019,2015-01-01,2019-12-31
27604566,UHC_AVAILABILITY_SCORE,COUNTRY,LTU,YEAR,2019,,,,,,,,,56,56.25,,,,2021-11-19T15:22:44Z,2015-2019,2015-01-01,2019-12-31
27604597,UHC_AVAILABILITY_SCORE,COUNTRY,LUX,YEAR,2019,,,,,,,,,65,64.58333,,,,2021-11-19T15:22:45Z,2015-2019,2015-01-01,2019-12-31
27604628,UHC_AVAILABILITY_SCORE,COUNTRY,LVA,YEAR,2019,,,,,,,,,56,56.25,,,,2021-11-19T15:22:45Z,2015-2019,2015-01-01,2019-12-31
27604659,UHC_AVAILABILITY_SCORE,COUNTRY,MAR,YEAR,2019,,,,,,,,,85,85.41667,,,,2021-11-19T15:22:46Z,2015-2019,2015-01-01,2019-12-31
27604690,UHC_AVAILABILITY_SCORE,COUNTRY,MCO,YEAR,2019,,,,,,,,,34,34.02778,,,,2021-11-19T15:22:46Z,2015-2019,2015-01-01,2019-12-31
27604721,UHC_AVAILABILITY_SCORE,COUNTRY,MDA,YEAR,2019,,,,,,,,,65,64.58333,,,,2021-11-19T15:22:47Z,2015-2019,2015-01-01,2019-12-31
27604752,UHC_AVAILABILITY_SCORE,COUNTRY,MDG,YEAR,2019,,,,,,,,,69,69.44444,,,,2021-11-19T15:22:47Z,2015-2019,2015-01-01,2019-12-31
27604783,UHC_AVAILABILITY_SCORE,COUNTRY,MDV,YEAR,2019,,,,,,,,,69,68.75,,,,2021-11-19T15:22:48Z,2015-2019,2015-01-01,2019-12-31
27604814,UHC_AVAILABILITY_SCORE,COUNTRY,MEX,YEAR,2019,,,,,,,,,92,91.66667,,,,2021-11-19T15:22:48Z,2015-2019,2015-01-01,2019-12-31
27604845,UHC_AVAILABILITY_SCORE,COUNTRY,MHL,YEAR,2019,,,,,,,,,57,56.94444,,,,2021-11-19T15:22:49Z,2015-2019,2015-01-01,2019-12-31
27604876,UHC_AVAILABILITY_SCORE,COUNTRY,MKD,YEAR,2019,,,,,,,,,60,60.41667,,,,2021-11-19T15:22:49Z,2015-2019,2015-01-01,2019-12-31
27604907,UHC_AVAILABILITY_SCORE,COUNTRY,MLI,YEAR,2019,,,,,,,,,83,83.33333,,,,2021-11-19T15:22:50Z,2015-2019,2015-01-01,2019-12-31
27604938,UHC_AVAILABILITY_SCORE,COUNTRY,MLT,YEAR,2019,,,,,,,,,65,64.58333,,,,2021-11-19T15:22:50Z,2015-2019,2015-01-01,2019-12-31
27604969,UHC_AVAILABILITY_SCORE,COUNTRY,MMR,YEAR,2019,,,,,,,,,75,75,,,,2021-11-19T15:22:50Z,2015-2019,2015-01-01,2019-12-31
27605000,UHC_AVAILABILITY_SCORE,COUNTRY,MNE,YEAR,2019,,,,,,,,,77,77.08333,,,,2021-11-19T15:22:51Z,2015-2019,2015-01-01,2019-12-31
27605031,UHC_AVAILABILITY_SCORE,COUNTRY,MNG,YEAR,2019,,,,,,,,,89,88.88889,,,,2021-11-19T15:22:51Z,2015-2019,2015-01-01,2019-12-31
27605062,UHC_AVAILABILITY_SCORE,COUNTRY,MOZ,YEAR,2019,,,,,,,,,83,83.33333,,,,2021-11-19T15:22:52Z,2015-2019,2015-01-01,2019-12-31
27605093,UHC_AVAILABILITY_SCORE,COUNTRY,MRT,YEAR,2019,,,,,,,,,75,75,,,,2021-11-19T15:22:52Z,2015-2019,2015-01-01,2019-12-31
27605124,UHC_AVAILABILITY_SCORE,COUNTRY,MUS,YEAR,2019,,,,,,,,,59,59.02778,,,,2021-11-19T15:22:53Z,2015-2019,2015-01-01,2019-12-31
27605155,UHC_AVAILABILITY_SCORE,COUNTRY,MWI,YEAR,2019,,,,,,,,,78,77.77778,,,,2021-11-19T15:22:53Z,2015-2019,2015-01-01,2019-12-31
27605186,UHC_AVAILABILITY_SCORE,COUNTRY,MYS,YEAR,2019,,,,,,,,,77,77.08333,,,,2021-11-19T15:22:54Z,2015-2019,2015-01-01,2019-12-31
27605217,UHC_AVAILABILITY_SCORE,COUNTRY,NAM,YEAR,2019,,,,,,,,,42,42.36111,,,,2021-11-19T15:22:54Z,2015-2019,2015-01-01,2019-12-31
27605248,UHC_AVAILABILITY_SCORE,COUNTRY,NER,YEAR,2019,,,,,,,,,75,75,,,,2021-11-19T15:22:55Z,2015-2019,2015-01-01,2019-12-31
27605279,UHC_AVAILABILITY_SCORE,COUNTRY,NGA,YEAR,2019,,,,,,,,,83,83.33333,,,,2021-11-19T15:22:55Z,2015-2019,2015-01-01,2019-12-31
27605310,UHC_AVAILABILITY_SCORE,COUNTRY,NIC,YEAR,2019,,,,,,,,,51,51.38889,,,,2021-11-19T15:22:55Z,2015-2019,2015-01-01,2019-12-31
27605341,UHC_AVAILABILITY_SCORE,COUNTRY,NIU,YEAR,2019,,,,,,,,,31,31.25,,,,2021-11-19T15:22:56Z,2015-2019,2015-01-01,2019-12-31
27605372,UHC_AVAILABILITY_SCORE,COUNTRY,NLD,YEAR,2019,,,,,,,,,65,64.58333,,,,2021-11-19T15:22:56Z,2015-2019,2015-01-01,2019-12-31
27605403,UHC_AVAILABILITY_SCORE,COUNTRY,NOR,YEAR,2019,,,,,,,,,65,64.58333,,,,2021-11-19T15:22:57Z,2015-2019,2015-01-01,2019-12-31
27605434,UHC_AVAILABILITY_SCORE,COUNTRY,NPL,YEAR,2019,,,,,,,,,92,91.66667,,,,2021-11-19T15:22:57Z,2015-2019,2015-01-01,2019-12-31
27605465,UHC_AVAILABILITY_SCORE,COUNTRY,NRU,YEAR,2019,,,,,,,,,42,42.36111,,,,2021-11-19T15:22:58Z,2015-2019,2015-01-01,2019-12-31
27605496,UHC_AVAILABILITY_SCORE,COUNTRY,NZL,YEAR,2019,,,,,,,,,71,70.83333,,,,2021-11-19T15:22:58Z,2015-2019,2015-01-01,2019-12-31
27605527,UHC_AVAILABILITY_SCORE,COUNTRY,OMN,YEAR,2019,,,,,,,,,71,70.83333,,,,2021-11-19T15:22:58Z,2015-2019,2015-01-01,2019-12-31
27605558,UHC_AVAILABILITY_SCORE,COUNTRY,PAK,YEAR,2019,,,,,,,,,78,77.77778,,,,2021-11-19T15:22:59Z,2015-2019,2015-01-01,2019-12-31
27605589,UHC_AVAILABILITY_SCORE,COUNTRY,PAN,YEAR,2019,,,,,,,,,69,68.75,,,,2021-11-19T15:22:59Z,2015-2019,2015-01-01,2019-12-31
27605620,UHC_AVAILABILITY_SCORE,COUNTRY,PER,YEAR,2019,,,,,,,,,89,88.88889,,,,2021-11-19T15:23:00Z,2015-2019,2015-01-01,2019-12-31
27605651,UHC_AVAILABILITY_SCORE,COUNTRY,PHL,YEAR,2019,,,,,,,,,92,91.66667,,,,2021-11-19T15:23:01Z,2015-2019,2015-01-01,2019-12-31
27605682,UHC_AVAILABILITY_SCORE,COUNTRY,PLW,YEAR,2019,,,,,,,,,51,50.69444,,,,2021-11-19T15:23:01Z,2015-2019,2015-01-01,2019-12-31
27605713,UHC_AVAILABILITY_SCORE,COUNTRY,PNG,YEAR,2019,,,,,,,,,83,83.33333,,,,2021-11-19T15:23:02Z,2015-2019,2015-01-01,2019-12-31
27605744,UHC_AVAILABILITY_SCORE,COUNTRY,POL,YEAR,2019,,,,,,,,,71,70.83333,,,,2021-11-19T15:23:02Z,2015-2019,2015-01-01,2019-12-31
27605775,UHC_AVAILABILITY_SCORE,COUNTRY,PRK,YEAR,2019,,,,,,,,,61,61.11111,,,,2021-11-19T15:23:02Z,2015-2019,2015-01-01,2019-12-31
27605806,UHC_AVAILABILITY_SCORE,COUNTRY,PRT,YEAR,2019,,,,,,,,,73,72.91667,,,,2021-11-19T15:23:03Z,2015-2019,2015-01-01,2019-12-31
27605837,UHC_AVAILABILITY_SCORE,COUNTRY,PRY,YEAR,2019,,,,,,,,,72,72.22222,,,,2021-11-19T15:23:03Z,2015-2019,2015-01-01,2019-12-31
27605868,UHC_AVAILABILITY_SCORE,COUNTRY,QAT,YEAR,2019,,,,,,,,,45,45.13889,,,,2021-11-19T15:23:04Z,2015-2019,2015-01-01,2019-12-31
27605899,UHC_AVAILABILITY_SCORE,COUNTRY,ROU,YEAR,2019,,,,,,,,,73,72.91667,,,,2021-11-19T15:23:04Z,2015-2019,2015-01-01,2019-12-31
27605930,UHC_AVAILABILITY_SCORE,COUNTRY,RUS,YEAR,2019,,,,,,,,,71,70.83333,,,,2021-11-19T15:23:05Z,2015-2019,2015-01-01,2019-12-31
27605961,UHC_AVAILABILITY_SCORE,COUNTRY,RWA,YEAR,2019,,,,,,,,,83,83.33333,,,,2021-11-19T15:23:05Z,2015-2019,2015-01-01,2019-12-31
27605992,UHC_AVAILABILITY_SCORE,COUNTRY,SAU,YEAR,2019,,,,,,,,,63,62.5,,,,2021-11-19T15:23:05Z,2015-2019,2015-01-01,2019-12-31
27606023,UHC_AVAILABILITY_SCORE,COUNTRY,SDN,YEAR,2019,,,,,,,,,58,57.63889,,,,2021-11-19T15:23:06Z,2015-2019,2015-01-01,2019-12-31
27606054,UHC_AVAILABILITY_SCORE,COUNTRY,SEN,YEAR,2019,,,,,,,,,83,83.33333,,,,2021-11-19T15:23:06Z,2015-2019,2015-01-01,2019-12-31
27606085,UHC_AVAILABILITY_SCORE,COUNTRY,SGP,YEAR,2019,,,,,,,,,71,70.83333,,,,2021-11-19T15:23:07Z,2015-2019,2015-01-01,2019-12-31
27606116,UHC_AVAILABILITY_SCORE,COUNTRY,SLB,YEAR,2019,,,,,,,,,72,72.22222,,,,2021-11-19T15:23:07Z,2015-2019,2015-01-01,2019-12-31
27606147,UHC_AVAILABILITY_SCORE,COUNTRY,SLE,YEAR,2019,,,,,,,,,72,72.22222,,,,2021-11-19T15:23:08Z,2015-2019,2015-01-01,2019-12-31
27606178,UHC_AVAILABILITY_SCORE,COUNTRY,SLV,YEAR,2019,,,,,,,,,74,73.61111,,,,2021-11-19T15:23:08Z,2015-2019,2015-01-01,2019-12-31
27606209,UHC_AVAILABILITY_SCORE,COUNTRY,SMR,YEAR,2019,,,,,,,,,26,25.69444,,,,2021-11-19T15:23:09Z,2015-2019,2015-01-01,2019-12-31
27606240,UHC_AVAILABILITY_SCORE,COUNTRY,SOM,YEAR,2019,,,,,,,,,69,68.75,,,,2021-11-19T15:23:09Z,2015-2019,2015-01-01,2019-12-31
27606271,UHC_AVAILABILITY_SCORE,COUNTRY,SRB,YEAR,2019,,,,,,,,,77,77.08333,,,,2021-11-19T15:23:09Z,2015-2019,2015-01-01,2019-12-31
27606302,UHC_AVAILABILITY_SCORE,COUNTRY,SSD,YEAR,2019,,,,,,,,,49,48.61111,,,,2021-11-19T15:23:10Z,2015-2019,2015-01-01,2019-12-31
27606333,UHC_AVAILABILITY_SCORE,COUNTRY,STP,YEAR,2019,,,,,,,,,69,68.75,,,,2021-11-19T15:23:11Z,2015-2019,2015-01-01,2019-12-31
27606364,UHC_AVAILABILITY_SCORE,COUNTRY,SUR,YEAR,2019,,,,,,,,,83,83.33333,,,,2021-11-19T15:23:11Z,2015-2019,2015-01-01,2019-12-31
27606395,UHC_AVAILABILITY_SCORE,COUNTRY,SVK,YEAR,2019,,,,,,,,,53,53.47222,,,,2021-11-19T15:23:12Z,2015-2019,2015-01-01,2019-12-31
27606426,UHC_AVAILABILITY_SCORE,COUNTRY,SVN,YEAR,2019,,,,,,,,,56,56.25,,,,2021-11-19T15:23:12Z,2015-2019,2015-01-01,2019-12-31
27606457,UHC_AVAILABILITY_SCORE,COUNTRY,SWE,YEAR,2019,,,,,,,,,71,70.83333,,,,2021-11-19T15:23:13Z,2015-2019,2015-01-01,2019-12-31
27606488,UHC_AVAILABILITY_SCORE,COUNTRY,SWZ,YEAR,2019,,,,,,,,,48,47.91667,,,,2021-11-19T15:23:13Z,2015-2019,2015-01-01,2019-12-31
27606519,UHC_AVAILABILITY_SCORE,COUNTRY,SYC,YEAR,2019,,,,,,,,,46,45.83333,,,,2021-11-19T15:23:13Z,2015-2019,2015-01-01,2019-12-31
27606550,UHC_AVAILABILITY_SCORE,COUNTRY,SYR,YEAR,2019,,,,,,,,,53,53.47222,,,,2021-11-19T15:23:14Z,2015-2019,2015-01-01,2019-12-31
27606581,UHC_AVAILABILITY_SCORE,COUNTRY,TCD,YEAR,2019,,,,,,,,,83,83.33333,,,,2021-11-19T15:23:14Z,2015-2019,2015-01-01,2019-12-31
27606612,UHC_AVAILABILITY_SCORE,COUNTRY,TGO,YEAR,2019,,,,,,,,,83,83.33333,,,,2021-11-19T15:23:15Z,2015-2019,2015-01-01,2019-12-31
27606643,UHC_AVAILABILITY_SCORE,COUNTRY,THA,YEAR,2019,,,,,,,,,83,83.33333,,,,2021-11-19T15:23:15Z,2015-2019,2015-01-01,2019-12-31
27606674,UHC_AVAILABILITY_SCORE,COUNTRY,TJK,YEAR,2019,,,,,,,,,83,83.33333,,,,2021-11-19T15:23:16Z,2015-2019,2015-01-01,2019-12-31
27606705,UHC_AVAILABILITY_SCORE,COUNTRY,TKM,YEAR,2019,,,,,,,,,72,71.52778,,,,2021-11-19T15:23:16Z,2015-2019,2015-01-01,2019-12-31
27606736,UHC_AVAILABILITY_SCORE,COUNTRY,TLS,YEAR,2019,,,,,,,,,75,75,,,,2021-11-19T15:23:17Z,2015-2019,2015-01-01,2019-12-31
27606767,UHC_AVAILABILITY_SCORE,COUNTRY,TON,YEAR,2019,,,,,,,,,63,63.19444,,,,2021-11-19T15:23:17Z,2015-2019,2015-01-01,2019-12-31
27606798,UHC_AVAILABILITY_SCORE,COUNTRY,TTO,YEAR,2019,,,,,,,,,54,54.16667,,,,2021-11-19T15:23:18Z,2015-2019,2015-01-01,2019-12-31
27606829,UHC_AVAILABILITY_SCORE,COUNTRY,TUN,YEAR,2019,,,,,,,,,92,91.66667,,,,2021-11-19T15:23:18Z,2015-2019,2015-01-01,2019-12-31
27606860,UHC_AVAILABILITY_SCORE,COUNTRY,TUR,YEAR,2019,,,,,,,,,77,77.08333,,,,2021-11-19T15:23:19Z,2015-2019,2015-01-01,2019-12-31
27606891,UHC_AVAILABILITY_SCORE,COUNTRY,TUV,YEAR,2019,,,,,,,,,45,45.13889,,,,2021-11-19T15:23:19Z,2015-2019,2015-01-01,2019-12-31
27606922,UHC_AVAILABILITY_SCORE,COUNTRY,TZA,YEAR,2019,,,,,,,,,86,86.11111,,,,2021-11-19T15:23:19Z,2015-2019,2015-01-01,2019-12-31
27606953,UHC_AVAILABILITY_SCORE,COUNTRY,UGA,YEAR,2019,,,,,,,,,72,72.22222,,,,2021-11-19T15:23:20Z,2015-2019,2015-01-01,2019-12-31
27606984,UHC_AVAILABILITY_SCORE,COUNTRY,UKR,YEAR,2019,,,,,,,,,65,64.58333,,,,2021-11-19T15:23:20Z,2015-2019,2015-01-01,2019-12-31
27607015,UHC_AVAILABILITY_SCORE,COUNTRY,URY,YEAR,2019,,,,,,,,,83,82.63889,,,,2021-11-19T15:23:21Z,2015-2019,2015-01-01,2019-12-31
27607046,UHC_AVAILABILITY_SCORE,COUNTRY,USA,YEAR,2019,,,,,,,,,77,77.08333,,,,2021-11-19T15:23:21Z,2015-2019,2015-01-01,2019-12-31
27607077,UHC_AVAILABILITY_SCORE,COUNTRY,UZB,YEAR,2019,,,,,,,,,67,67.36111,,,,2021-11-19T15:23:22Z,2015-2019,2015-01-01,2019-12-31
27607108,UHC_AVAILABILITY_SCORE,COUNTRY,VCT,YEAR,2019,,,,,,,,,37,36.80556,,,,2021-11-19T15:23:22Z,2015-2019,2015-01-01,2019-12-31
27607139,UHC_AVAILABILITY_SCORE,COUNTRY,VEN,YEAR,2019,,,,,,,,,60,59.72222,,,,2021-11-19T15:23:23Z,2015-2019,2015-01-01,2019-12-31
27607170,UHC_AVAILABILITY_SCORE,COUNTRY,VNM,YEAR,2019,,,,,,,,,76,76.38889,,,,2021-11-19T15:23:23Z,2015-2019,2015-01-01,2019-12-31
27607201,UHC_AVAILABILITY_SCORE,COUNTRY,VUT,YEAR,2019,,,,,,,,,37,36.80556,,,,2021-11-19T15:23:24Z,2015-2019,2015-01-01,2019-12-31
27607232,UHC_AVAILABILITY_SCORE,COUNTRY,WSM,YEAR,2019,,,,,,,,,55,54.86111,,,,2021-11-19T15:23:24Z,2015-2019,2015-01-01,2019-12-31
27607263,UHC_AVAILABILITY_SCORE,COUNTRY,YEM,YEAR,2019,,,,,,,,,51,50.69444,,,,2021-11-19T15:23:25Z,2015-2019,2015-01-01,2019-12-31
27607294,UHC_AVAILABILITY_SCORE,COUNTRY,ZAF,YEAR,2019,,,,,,,,,81,80.55556,,,,2021-11-19T15:23:25Z,2015-2019,2015-01-01,2019-12-31
27607325,UHC_AVAILABILITY_SCORE,COUNTRY,ZMB,YEAR,2019,,,,,,,,,81,80.55556,,,,2021-11-19T15:23:25Z,2015-2019,2015-01-01,2019-12-31
27607356,UHC_AVAILABILITY_SCORE,COUNTRY,ZWE,YEAR,2019,,,,,,,,,75,75,,,,2021-11-19T15:23:26Z,2015-2019,2015-01-01,2019-12-31
27608972,UHC_AVAILABILITY_SCORE,REGION,AFR,YEAR,2019,,,,,,,,,70,69.68085,,,,2021-12-01T14:58:35Z,2015-2019,2015-01-01,2019-12-31
27608973,UHC_AVAILABILITY_SCORE,REGION,AMR,YEAR,2019,,,,,,,,,67,66.74603,,,,2021-12-01T14:58:35Z,2015-2019,2015-01-01,2019-12-31
27608974,UHC_AVAILABILITY_SCORE,REGION,EMR,YEAR,2019,,,,,,,,,65,65.37698,,,,2021-12-01T14:58:35Z,2015-2019,2015-01-01,2019-12-31
27608975,UHC_AVAILABILITY_SCORE,REGION,EUR,YEAR,2019,,,,,,,,,66,66.23428,,,,2021-12-01T14:58:35Z,2015-2019,2015-01-01,2019-12-31
27608976,UHC_AVAILABILITY_SCORE,REGION,SEAR,YEAR,2019,,,,,,,,,78,78.28283,,,,2021-12-01T14:58:35Z,2015-2019,2015-01-01,2019-12-31
27608977,UHC_AVAILABILITY_SCORE,REGION,WPR,YEAR,2019,,,,,,,,,63,62.8858,,,,2021-12-01T14:58:35Z,2015-2019,2015-01-01,2019-12-31
27608978,UHC_AVAILABILITY_SCORE,REGION,GLOBAL,YEAR,2019,,,,,,,,,67,67.28594,,,,2021-12-01T14:58:35Z,2015-2019,2015-01-01,2019-12-31
27609009,UHC_AVAILABILITY_SCORE,,,YEAR,2019,,,,,,,,,61,61.32741,,,,2021-12-01T14:58:35Z,2015-2019,2015-01-01,2019-12-31
27609040,UHC_AVAILABILITY_SCORE,,,YEAR,2019,,,,,,,,,71,71.45594,,,,2021-12-01T14:58:36Z,2015-2019,2015-01-01,2019-12-31
27609071,UHC_AVAILABILITY_SCORE,,,YEAR,2019,,,,,,,,,72,72.17971,,,,2021-12-01T14:58:37Z,2015-2019,2015-01-01,2019-12-31
27609249,UHC_AVAILABILITY_SCORE,,,YEAR,2019,,,,,,,,,69,69.17438,,,,2021-12-01T14:58:40Z,2015-2019,2015-01-01,2019-12-31
27609250,UHC_AVAILABILITY_SCORE,,,YEAR,2019,,,,,,,,,67,66.74603,,,,2021-12-01T14:58:40Z,2015-2019,2015-01-01,2019-12-31
27609251,UHC_AVAILABILITY_SCORE,,,YEAR,2019,,,,,,,,,72,71.82329,,,,2021-12-01T14:58:40Z,2015-2019,2015-01-01,2019-12-31
27609252,UHC_AVAILABILITY_SCORE,,,YEAR,2019,,,,,,,,,64,64.35185,,,,2021-12-01T14:58:40Z,2015-2019,2015-01-01,2019-12-31
27609253,UHC_AVAILABILITY_SCORE,,,YEAR,2019,,,,,,,,,56,56.46701,,,,2021-12-01T14:58:40Z,2015-2019,2015-01-01,2019-12-31
27609257,UHC_AVAILABILITY_SCORE,,,YEAR,2019,,,,,,,,,68,67.87551,,,,2021-12-01T14:58:40Z,2015-2019,2015-01-01,2019-12-31
